kecamatan,jumlah_penduduk,kepadatan_penduduk_km2,rasio_jenis_kelamin,laju_pertumbuhan,persentase_penduduk,provinsi,kabupaten,tahun,source_file
Ciwidey,93100.0,1783.0,105.0,1.92,2.42,Jawa Barat,Kabupaten Bandung,2023,data\raw\Data Penduduk BPS\Jawa Barat\Kabupaten Bandung\data_penduduk_kabupate_001.xlsx
Rancabali,54300.0,356.0,104.9,1.4,1.41,Jawa Barat,Kabupaten Bandung,2023,data\raw\Data Penduduk BPS\Jawa Barat\Kabupaten Bandung\data_penduduk_kabupate_001.xlsx
Pasirjambu,98700.0,503.0,104.4,1.58,2.57,Jawa Barat,Kabupaten Bandung,2023,data\raw\Data Penduduk BPS\Jawa Barat\Kabupaten Bandung\data_penduduk_kabupate_001.xlsx
Cimaung,95400.0,1596.0,103.5,2.19,2.48,Jawa Barat,Kabupaten Bandung,2023,data\raw\Data Penduduk BPS\Jawa Barat\Kabupaten Bandung\data_penduduk_kabupate_001.xlsx
Pangalengan,168000.0,775.0,103.6,1.81,4.37,Jawa Barat,Kabupaten Bandung,2023,data\raw\Data Penduduk BPS\Jawa Barat\Kabupaten Bandung\data_penduduk_kabupate_001.xlsx
Kertasari,76100.0,559.0,104.2,1.41,1.98,Jawa Barat,Kabupaten Bandung,2023,data\raw\Data Penduduk BPS\Jawa Barat\Kabupaten Bandung\data_penduduk_kabupate_001.xlsx
Pacet,130400.0,1363.0,106.9,2.59,3.4,Jawa Barat,Kabupaten Bandung,2023,data\raw\Data Penduduk BPS\Jawa Barat\Kabupaten Bandung\data_penduduk_kabupate_001.xlsx
Ibun,96400.0,1740.0,105.2,2.16,2.51,Jawa Barat,Kabupaten Bandung,2023,data\raw\Data Penduduk BPS\Jawa Barat\Kabupaten Bandung\data_penduduk_kabupate_001.xlsx
Paseh,146800.0,3063.0,106.0,1.8,3.82,Jawa Barat,Kabupaten Bandung,2023,data\raw\Data Penduduk BPS\Jawa Barat\Kabupaten Bandung\data_penduduk_kabupate_001.xlsx
Cikancung,106400.0,2716.0,105.4,2.13,2.77,Jawa Barat,Kabupaten Bandung,2023,data\raw\Data Penduduk BPS\Jawa Barat\Kabupaten Bandung\data_penduduk_kabupate_001.xlsx
Cicalengka,131400.0,3112.0,103.0,1.66,3.42,Jawa Barat,Kabupaten Bandung,2023,data\raw\Data Penduduk BPS\Jawa Barat\Kabupaten Bandung\data_penduduk_kabupate_001.xlsx
Nagreg,62700.0,1486.0,105.2,1.65,1.63,Jawa Barat,Kabupaten Bandung,2023,data\raw\Data Penduduk BPS\Jawa Barat\Kabupaten Bandung\data_penduduk_kabupate_001.xlsx
Rancaekek,191600.0,4246.0,101.3,1.2,4.99,Jawa Barat,Kabupaten Bandung,2023,data\raw\Data Penduduk BPS\Jawa Barat\Kabupaten Bandung\data_penduduk_kabupate_001.xlsx
Majalaya,170300.0,7056.0,105.1,1.33,4.43,Jawa Barat,Kabupaten Bandung,2023,data\raw\Data Penduduk BPS\Jawa Barat\Kabupaten Bandung\data_penduduk_kabupate_001.xlsx
Solokan Jeruk,93200.0,3816.0,104.9,1.61,2.43,Jawa Barat,Kabupaten Bandung,2023,data\raw\Data Penduduk BPS\Jawa Barat\Kabupaten Bandung\data_penduduk_kabupate_001.xlsx
Ciparay,185000.0,3362.0,104.0,1.69,4.82,Jawa Barat,Kabupaten Bandung,2023,data\raw\Data Penduduk BPS\Jawa Barat\Kabupaten Bandung\data_penduduk_kabupate_001.xlsx
Baleendah,277800.0,6825.0,103.0,2.07,7.23,Jawa Barat,Kabupaten Bandung,2023,data\raw\Data Penduduk BPS\Jawa Barat\Kabupaten Bandung\data_penduduk_kabupate_001.xlsx
Arjasari,117200.0,1849.0,103.6,2.65,3.05,Jawa Barat,Kabupaten Bandung,2023,data\raw\Data Penduduk BPS\Jawa Barat\Kabupaten Bandung\data_penduduk_kabupate_001.xlsx
Banjaran,142000.0,3985.0,103.8,1.82,3.7,Jawa Barat,Kabupaten Bandung,2023,data\raw\Data Penduduk BPS\Jawa Barat\Kabupaten Bandung\data_penduduk_kabupate_001.xlsx
Cangkuang,86900.0,3677.0,103.6,2.49,2.26,Jawa Barat,Kabupaten Bandung,2023,data\raw\Data Penduduk BPS\Jawa Barat\Kabupaten Bandung\data_penduduk_kabupate_001.xlsx
Pameungpeuk,95600.0,6640.0,103.1,2.7,2.49,Jawa Barat,Kabupaten Bandung,2023,data\raw\Data Penduduk BPS\Jawa Barat\Kabupaten Bandung\data_penduduk_kabupate_001.xlsx
Katapang,138700.0,8535.0,103.1,2.31,3.61,Jawa Barat,Kabupaten Bandung,2023,data\raw\Data Penduduk BPS\Jawa Barat\Kabupaten Bandung\data_penduduk_kabupate_001.xlsx
Soreang,123200.0,4921.0,103.2,1.35,3.21,Jawa Barat,Kabupaten Bandung,2023,data\raw\Data Penduduk BPS\Jawa Barat\Kabupaten Bandung\data_penduduk_kabupate_001.xlsx
Kutawaringin,112900.0,2364.0,104.1,2.12,2.94,Jawa Barat,Kabupaten Bandung,2023,data\raw\Data Penduduk BPS\Jawa Barat\Kabupaten Bandung\data_penduduk_kabupate_001.xlsx
Margaasih,154500.0,8510.0,102.9,1.33,4.02,Jawa Barat,Kabupaten Bandung,2023,data\raw\Data Penduduk BPS\Jawa Barat\Kabupaten Bandung\data_penduduk_kabupate_001.xlsx
Margahayu,121000.0,11353.0,100.9,0.55,3.15,Jawa Barat,Kabupaten Bandung,2023,data\raw\Data Penduduk BPS\Jawa Barat\Kabupaten Bandung\data_penduduk_kabupate_001.xlsx
Dayeuhkolot,106400.0,9433.0,103.0,0.49,2.77,Jawa Barat,Kabupaten Bandung,2023,data\raw\Data Penduduk BPS\Jawa Barat\Kabupaten Bandung\data_penduduk_kabupate_001.xlsx
Bojongsoang,112100.0,3960.0,101.8,1.66,2.92,Jawa Barat,Kabupaten Bandung,2023,data\raw\Data Penduduk BPS\Jawa Barat\Kabupaten Bandung\data_penduduk_kabupate_001.xlsx
Cileunyi,183000.0,5963.0,101.8,1.67,4.76,Jawa Barat,Kabupaten Bandung,2023,data\raw\Data Penduduk BPS\Jawa Barat\Kabupaten Bandung\data_penduduk_kabupate_001.xlsx
Cilengkrang,55400.0,1578.0,103.0,1.82,1.44,Jawa Barat,Kabupaten Bandung,2023,data\raw\Data Penduduk BPS\Jawa Barat\Kabupaten Bandung\data_penduduk_kabupate_001.xlsx
Cimenyan,113100.0,2373.0,103.4,1.35,2.95,Jawa Barat,Kabupaten Bandung,2023,data\raw\Data Penduduk BPS\Jawa Barat\Kabupaten Bandung\data_penduduk_kabupate_001.xlsx
Bandung,3839700.0,2215.0,103.6,1.74,100.0,Jawa Barat,Kabupaten Bandung,2023,data\raw\Data Penduduk BPS\Jawa Barat\Kabupaten Bandung\data_penduduk_kabupate_001.xlsx
Setu,201835000.0,3247.0,106.0,5.62,6.17,Jawa Barat,Kabupaten Bekasi,2023,data\raw\Data Penduduk BPS\Jawa Barat\Kabupaten Bekasi\data_penduduk_kabupate_001.xlsx
Serang Baru,168853000.0,2647.0,103.0,4.52,5.16,Jawa Barat,Kabupaten Bekasi,2023,data\raw\Data Penduduk BPS\Jawa Barat\Kabupaten Bekasi\data_penduduk_kabupate_001.xlsx
Cikarang Pusat,70480000.0,1481.0,103.0,1.67,2.15,Jawa Barat,Kabupaten Bekasi,2023,data\raw\Data Penduduk BPS\Jawa Barat\Kabupaten Bekasi\data_penduduk_kabupate_001.xlsx
Cikarang Selatan,165881000.0,3206.0,100.0,0.97,5.07,Jawa Barat,Kabupaten Bekasi,2023,data\raw\Data Penduduk BPS\Jawa Barat\Kabupaten Bekasi\data_penduduk_kabupate_001.xlsx
Cibarusah,101910000.0,2022.0,103.0,2.66,3.11,Jawa Barat,Kabupaten Bekasi,2023,data\raw\Data Penduduk BPS\Jawa Barat\Kabupaten Bekasi\data_penduduk_kabupate_001.xlsx
Bojongmangu,28393000.0,473.0,101.0,0.74,0.87,Jawa Barat,Kabupaten Bekasi,2023,data\raw\Data Penduduk BPS\Jawa Barat\Kabupaten Bekasi\data_penduduk_kabupate_001.xlsx
Cikarang Timur,110699000.0,2157.0,102.0,1.42,3.38,Jawa Barat,Kabupaten Bekasi,2023,data\raw\Data Penduduk BPS\Jawa Barat\Kabupaten Bekasi\data_penduduk_kabupate_001.xlsx
Kedungwaringin,74109000.0,2350.0,102.0,2.4,2.26,Jawa Barat,Kabupaten Bekasi,2023,data\raw\Data Penduduk BPS\Jawa Barat\Kabupaten Bekasi\data_penduduk_kabupate_001.xlsx
Cikarang Utara,224283000.0,5180.0,103.0,-0.74,6.85,Jawa Barat,Kabupaten Bekasi,2023,data\raw\Data Penduduk BPS\Jawa Barat\Kabupaten Bekasi\data_penduduk_kabupate_001.xlsx
Karangbahagia,135971000.0,2949.0,102.0,3.64,4.15,Jawa Barat,Kabupaten Bekasi,2023,data\raw\Data Penduduk BPS\Jawa Barat\Kabupaten Bekasi\data_penduduk_kabupate_001.xlsx
Cibitung,258282000.0,5702.0,102.0,2.31,7.89,Jawa Barat,Kabupaten Bekasi,2023,data\raw\Data Penduduk BPS\Jawa Barat\Kabupaten Bekasi\data_penduduk_kabupate_001.xlsx
Cikarang Barat,201159000.0,3747.0,104.0,-0.74,6.14,Jawa Barat,Kabupaten Bekasi,2023,data\raw\Data Penduduk BPS\Jawa Barat\Kabupaten Bekasi\data_penduduk_kabupate_001.xlsx
Tambun Selatan,427718000.0,9924.0,101.0,-0.28,13.06,Jawa Barat,Kabupaten Bekasi,2023,data\raw\Data Penduduk BPS\Jawa Barat\Kabupaten Bekasi\data_penduduk_kabupate_001.xlsx
Tambun Utara,218021000.0,6334.0,103.0,4.26,6.66,Jawa Barat,Kabupaten Bekasi,2023,data\raw\Data Penduduk BPS\Jawa Barat\Kabupaten Bekasi\data_penduduk_kabupate_001.xlsx
Babelan,291846000.0,4589.0,103.0,2.86,8.91,Jawa Barat,Kabupaten Bekasi,2023,data\raw\Data Penduduk BPS\Jawa Barat\Kabupaten Bekasi\data_penduduk_kabupate_001.xlsx
Tarumajaya,140225000.0,2567.0,103.0,2.01,4.28,Jawa Barat,Kabupaten Bekasi,2023,data\raw\Data Penduduk BPS\Jawa Barat\Kabupaten Bekasi\data_penduduk_kabupate_001.xlsx
Tambelang,42329000.0,1117.0,102.0,1.29,1.29,Jawa Barat,Kabupaten Bekasi,2023,data\raw\Data Penduduk BPS\Jawa Barat\Kabupaten Bekasi\data_penduduk_kabupate_001.xlsx
Sukawangi,51368000.0,765.0,103.0,1.25,1.57,Jawa Barat,Kabupaten Bekasi,2023,data\raw\Data Penduduk BPS\Jawa Barat\Kabupaten Bekasi\data_penduduk_kabupate_001.xlsx
Sukatani,102277000.0,2726.0,103.0,3.32,3.12,Jawa Barat,Kabupaten Bekasi,2023,data\raw\Data Penduduk BPS\Jawa Barat\Kabupaten Bekasi\data_penduduk_kabupate_001.xlsx
Sukakarya,55120000.0,1300.0,102.0,2.13,1.68,Jawa Barat,Kabupaten Bekasi,2023,data\raw\Data Penduduk BPS\Jawa Barat\Kabupaten Bekasi\data_penduduk_kabupate_001.xlsx
Pebayuran,104043000.0,1080.0,102.0,0.62,3.18,Jawa Barat,Kabupaten Bekasi,2023,data\raw\Data Penduduk BPS\Jawa Barat\Kabupaten Bekasi\data_penduduk_kabupate_001.xlsx
Cabangbungin,57570000.0,1158.0,103.0,1.35,1.76,Jawa Barat,Kabupaten Bekasi,2023,data\raw\Data Penduduk BPS\Jawa Barat\Kabupaten Bekasi\data_penduduk_kabupate_001.xlsx
Muara Gembong,41496000.0,296.0,104.0,1.05,1.27,Jawa Barat,Kabupaten Bekasi,2023,data\raw\Data Penduduk BPS\Jawa Barat\Kabupaten Bekasi\data_penduduk_kabupate_001.xlsx
Bekasi,3273868000.0,2570.0,103.0,1.85,100.0,Jawa Barat,Kabupaten Bekasi,2023,data\raw\Data Penduduk BPS\Jawa Barat\Kabupaten Bekasi\data_penduduk_kabupate_001.xlsx
Nanggung,104200.0,660.0,111.0,1.23,1.83,Jawa Barat,Kabupaten Bogor,2023,data\raw\Data Penduduk BPS\Jawa Barat\Kabupaten Bogor\data_penduduk_kabupate_001.xlsx
Leuwiliang,128700.0,1394.0,106.0,0.61,2.26,Jawa Barat,Kabupaten Bogor,2023,data\raw\Data Penduduk BPS\Jawa Barat\Kabupaten Bogor\data_penduduk_kabupate_001.xlsx
Leuwisadeng,79600.0,2208.0,109.0,0.54,1.4,Jawa Barat,Kabupaten Bogor,2023,data\raw\Data Penduduk BPS\Jawa Barat\Kabupaten Bogor\data_penduduk_kabupate_001.xlsx
Pamijahan,166200.0,1328.0,108.0,1.24,2.93,Jawa Barat,Kabupaten Bogor,2023,data\raw\Data Penduduk BPS\Jawa Barat\Kabupaten Bogor\data_penduduk_kabupate_001.xlsx
Cibungbulang,153700.0,4076.0,108.0,1.16,2.7,Jawa Barat,Kabupaten Bogor,2023,data\raw\Data Penduduk BPS\Jawa Barat\Kabupaten Bogor\data_penduduk_kabupate_001.xlsx
Ciampea,176400.0,5192.0,106.0,0.99,3.1,Jawa Barat,Kabupaten Bogor,2023,data\raw\Data Penduduk BPS\Jawa Barat\Kabupaten Bogor\data_penduduk_kabupate_001.xlsx
Tenjolaya,67000.0,1845.0,108.0,1.12,1.18,Jawa Barat,Kabupaten Bogor,2023,data\raw\Data Penduduk BPS\Jawa Barat\Kabupaten Bogor\data_penduduk_kabupate_001.xlsx
Dramaga,113700.0,4447.0,108.0,0.58,2.0,Jawa Barat,Kabupaten Bogor,2023,data\raw\Data Penduduk BPS\Jawa Barat\Kabupaten Bogor\data_penduduk_kabupate_001.xlsx
Ciomas,178500.0,9987.0,103.0,0.98,3.14,Jawa Barat,Kabupaten Bogor,2023,data\raw\Data Penduduk BPS\Jawa Barat\Kabupaten Bogor\data_penduduk_kabupate_001.xlsx
Tamansari,115600.0,2945.0,106.0,1.33,2.03,Jawa Barat,Kabupaten Bogor,2023,data\raw\Data Penduduk BPS\Jawa Barat\Kabupaten Bogor\data_penduduk_kabupate_001.xlsx
Cijeruk,96700.0,2015.0,109.0,1.17,1.7,Jawa Barat,Kabupaten Bogor,2023,data\raw\Data Penduduk BPS\Jawa Barat\Kabupaten Bogor\data_penduduk_kabupate_001.xlsx
Cigombong,101000.0,2169.0,106.0,0.66,1.78,Jawa Barat,Kabupaten Bogor,2023,data\raw\Data Penduduk BPS\Jawa Barat\Kabupaten Bogor\data_penduduk_kabupate_001.xlsx
Caringin,137400.0,1764.0,108.0,1.02,2.42,Jawa Barat,Kabupaten Bogor,2023,data\raw\Data Penduduk BPS\Jawa Barat\Kabupaten Bogor\data_penduduk_kabupate_001.xlsx
Ciawi,119100.0,2532.0,106.0,0.74,2.1,Jawa Barat,Kabupaten Bogor,2023,data\raw\Data Penduduk BPS\Jawa Barat\Kabupaten Bogor\data_penduduk_kabupate_001.xlsx
Cisarua,132400.0,1864.0,108.0,0.86,2.33,Jawa Barat,Kabupaten Bogor,2023,data\raw\Data Penduduk BPS\Jawa Barat\Kabupaten Bogor\data_penduduk_kabupate_001.xlsx
Megamendung,110800.0,1746.0,109.0,0.66,1.95,Jawa Barat,Kabupaten Bogor,2023,data\raw\Data Penduduk BPS\Jawa Barat\Kabupaten Bogor\data_penduduk_kabupate_001.xlsx
Sukaraja,219500.0,5048.0,104.0,1.39,3.86,Jawa Barat,Kabupaten Bogor,2023,data\raw\Data Penduduk BPS\Jawa Barat\Kabupaten Bogor\data_penduduk_kabupate_001.xlsx
Babakan Madang,118800.0,1341.0,107.0,0.72,2.09,Jawa Barat,Kabupaten Bogor,2023,data\raw\Data Penduduk BPS\Jawa Barat\Kabupaten Bogor\data_penduduk_kabupate_001.xlsx
Sukamakmur,89700.0,491.0,109.0,1.02,1.58,Jawa Barat,Kabupaten Bogor,2023,data\raw\Data Penduduk BPS\Jawa Barat\Kabupaten Bogor\data_penduduk_kabupate_001.xlsx
Cariu,53600.0,632.0,101.0,0.77,0.94,Jawa Barat,Kabupaten Bogor,2023,data\raw\Data Penduduk BPS\Jawa Barat\Kabupaten Bogor\data_penduduk_kabupate_001.xlsx
Tanjungsari,59700.0,405.0,104.0,0.96,1.05,Jawa Barat,Kabupaten Bogor,2023,data\raw\Data Penduduk BPS\Jawa Barat\Kabupaten Bogor\data_penduduk_kabupate_001.xlsx
Jonggol,151600.0,1128.0,102.0,1.21,2.67,Jawa Barat,Kabupaten Bogor,2023,data\raw\Data Penduduk BPS\Jawa Barat\Kabupaten Bogor\data_penduduk_kabupate_001.xlsx
Cileungsi,304800.0,4349.0,102.0,1.21,5.36,Jawa Barat,Kabupaten Bogor,2023,data\raw\Data Penduduk BPS\Jawa Barat\Kabupaten Bogor\data_penduduk_kabupate_001.xlsx
Klapanunggal,142200.0,1484.0,104.0,2.57,2.5,Jawa Barat,Kabupaten Bogor,2023,data\raw\Data Penduduk BPS\Jawa Barat\Kabupaten Bogor\data_penduduk_kabupate_001.xlsx
Gunung Putri,296400.0,4860.0,101.0,-0.31,5.22,Jawa Barat,Kabupaten Bogor,2023,data\raw\Data Penduduk BPS\Jawa Barat\Kabupaten Bogor\data_penduduk_kabupate_001.xlsx
Citeureup,220100.0,3043.0,104.0,0.45,3.87,Jawa Barat,Kabupaten Bogor,2023,data\raw\Data Penduduk BPS\Jawa Barat\Kabupaten Bogor\data_penduduk_kabupate_001.xlsx
Cibinong,376700.0,8002.0,101.0,0.72,6.63,Jawa Barat,Kabupaten Bogor,2023,data\raw\Data Penduduk BPS\Jawa Barat\Kabupaten Bogor\data_penduduk_kabupate_001.xlsx
Bojong Gede,308400.0,10660.0,103.0,1.59,5.43,Jawa Barat,Kabupaten Bogor,2023,data\raw\Data Penduduk BPS\Jawa Barat\Kabupaten Bogor\data_penduduk_kabupate_001.xlsx
Tajur Halang,134600.0,4432.0,103.0,2.01,2.37,Jawa Barat,Kabupaten Bogor,2023,data\raw\Data Penduduk BPS\Jawa Barat\Kabupaten Bogor\data_penduduk_kabupate_001.xlsx
Kemang,109500.0,3310.0,103.0,0.91,1.93,Jawa Barat,Kabupaten Bogor,2023,data\raw\Data Penduduk BPS\Jawa Barat\Kabupaten Bogor\data_penduduk_kabupate_001.xlsx
Rancabungur,65099.99999999999,2806.0,105.0,1.57,1.14,Jawa Barat,Kabupaten Bogor,2023,data\raw\Data Penduduk BPS\Jawa Barat\Kabupaten Bogor\data_penduduk_kabupate_001.xlsx
Parung,126700.0,4569.0,103.0,0.55,2.23,Jawa Barat,Kabupaten Bogor,2023,data\raw\Data Penduduk BPS\Jawa Barat\Kabupaten Bogor\data_penduduk_kabupate_001.xlsx
Ciseeng,115100.0,2885.0,107.0,0.84,2.03,Jawa Barat,Kabupaten Bogor,2023,data\raw\Data Penduduk BPS\Jawa Barat\Kabupaten Bogor\data_penduduk_kabupate_001.xlsx
Gunung Sindur,136700.0,2815.0,104.0,1.71,2.41,Jawa Barat,Kabupaten Bogor,2023,data\raw\Data Penduduk BPS\Jawa Barat\Kabupaten Bogor\data_penduduk_kabupate_001.xlsx
Rumpin,152300.0,1095.0,111.0,0.88,2.68,Jawa Barat,Kabupaten Bogor,2023,data\raw\Data Penduduk BPS\Jawa Barat\Kabupaten Bogor\data_penduduk_kabupate_001.xlsx
Cigudeg,140200.0,782.0,110.0,0.97,2.47,Jawa Barat,Kabupaten Bogor,2023,data\raw\Data Penduduk BPS\Jawa Barat\Kabupaten Bogor\data_penduduk_kabupate_001.xlsx
Sukajaya,71500.0,430.0,110.0,1.48,1.26,Jawa Barat,Kabupaten Bogor,2023,data\raw\Data Penduduk BPS\Jawa Barat\Kabupaten Bogor\data_penduduk_kabupate_001.xlsx
Jasinga,111400.0,810.0,108.0,0.98,1.96,Jawa Barat,Kabupaten Bogor,2023,data\raw\Data Penduduk BPS\Jawa Barat\Kabupaten Bogor\data_penduduk_kabupate_001.xlsx
Tenjo,75800.0,913.0,109.0,0.69,1.33,Jawa Barat,Kabupaten Bogor,2023,data\raw\Data Penduduk BPS\Jawa Barat\Kabupaten Bogor\data_penduduk_kabupate_001.xlsx
Parung Panjang,120800.0,1702.0,106.0,0.38,2.13,Jawa Barat,Kabupaten Bogor,2023,data\raw\Data Penduduk BPS\Jawa Barat\Kabupaten Bogor\data_penduduk_kabupate_001.xlsx
Bogor,5682300.0,1899.0,105.0,0.98,100.0,Jawa Barat,Kabupaten Bogor,2023,data\raw\Data Penduduk BPS\Jawa Barat\Kabupaten Bogor\data_penduduk_kabupate_001.xlsx
Banjarsari,69900.0,1205.0,101.6,0.48,5.58,Jawa Barat,Kabupaten Ciamis,2023,data\raw\Data Penduduk BPS\Jawa Barat\Kabupaten Ciamis\data_penduduk_kabupate_001.xlsx
Banjaranyar,39900.0,363.0,101.6,0.48,3.19,Jawa Barat,Kabupaten Ciamis,2023,data\raw\Data Penduduk BPS\Jawa Barat\Kabupaten Ciamis\data_penduduk_kabupate_001.xlsx
Lakbok,56600.0,982.0,99.7,1.23,4.52,Jawa Barat,Kabupaten Ciamis,2023,data\raw\Data Penduduk BPS\Jawa Barat\Kabupaten Ciamis\data_penduduk_kabupate_001.xlsx
Purwadadi,40000.0,786.0,101.0,1.02,3.2,Jawa Barat,Kabupaten Ciamis,2023,data\raw\Data Penduduk BPS\Jawa Barat\Kabupaten Ciamis\data_penduduk_kabupate_001.xlsx
Pamarican,68300.0,549.0,99.2,0.47,5.46,Jawa Barat,Kabupaten Ciamis,2023,data\raw\Data Penduduk BPS\Jawa Barat\Kabupaten Ciamis\data_penduduk_kabupate_001.xlsx
Cidolog,19400.0,345.0,101.4,0.23,1.55,Jawa Barat,Kabupaten Ciamis,2023,data\raw\Data Penduduk BPS\Jawa Barat\Kabupaten Ciamis\data_penduduk_kabupate_001.xlsx
Cimaragas,16200.0,614.0,96.6,0.34,1.3,Jawa Barat,Kabupaten Ciamis,2023,data\raw\Data Penduduk BPS\Jawa Barat\Kabupaten Ciamis\data_penduduk_kabupate_001.xlsx
Cijeungjing,53900.0,888.0,98.2,0.54,4.3,Jawa Barat,Kabupaten Ciamis,2023,data\raw\Data Penduduk BPS\Jawa Barat\Kabupaten Ciamis\data_penduduk_kabupate_001.xlsx
Cisaga,37600.0,469.0,96.5,0.19,3.0,Jawa Barat,Kabupaten Ciamis,2023,data\raw\Data Penduduk BPS\Jawa Barat\Kabupaten Ciamis\data_penduduk_kabupate_001.xlsx
Tambaksari,20700.0,344.0,94.5,-0.07,1.66,Jawa Barat,Kabupaten Ciamis,2023,data\raw\Data Penduduk BPS\Jawa Barat\Kabupaten Ciamis\data_penduduk_kabupate_001.xlsx
Rancah,56200.0,648.0,99.9,0.02,4.49,Jawa Barat,Kabupaten Ciamis,2023,data\raw\Data Penduduk BPS\Jawa Barat\Kabupaten Ciamis\data_penduduk_kabupate_001.xlsx
Rajadesa,53700.0,872.0,100.6,0.8,4.29,Jawa Barat,Kabupaten Ciamis,2023,data\raw\Data Penduduk BPS\Jawa Barat\Kabupaten Ciamis\data_penduduk_kabupate_001.xlsx
Sukadana,22900.0,396.0,95.6,0.02,1.83,Jawa Barat,Kabupaten Ciamis,2023,data\raw\Data Penduduk BPS\Jawa Barat\Kabupaten Ciamis\data_penduduk_kabupate_001.xlsx
Ciamis,99900.0,2955.0,99.1,0.47,7.98,Jawa Barat,Kabupaten Ciamis,2023,data\raw\Data Penduduk BPS\Jawa Barat\Kabupaten Ciamis\data_penduduk_kabupate_001.xlsx
Baregbeg,44700.0,1169.0,101.1,0.75,3.57,Jawa Barat,Kabupaten Ciamis,2023,data\raw\Data Penduduk BPS\Jawa Barat\Kabupaten Ciamis\data_penduduk_kabupate_001.xlsx
Cikoneng,56500.0,1200.0,104.2,0.97,4.51,Jawa Barat,Kabupaten Ciamis,2023,data\raw\Data Penduduk BPS\Jawa Barat\Kabupaten Ciamis\data_penduduk_kabupate_001.xlsx
Sindangkasih,52900.0,1773.0,102.9,1.33,4.23,Jawa Barat,Kabupaten Ciamis,2023,data\raw\Data Penduduk BPS\Jawa Barat\Kabupaten Ciamis\data_penduduk_kabupate_001.xlsx
Cihaurbeuti,51700.0,808.0,100.8,0.77,4.13,Jawa Barat,Kabupaten Ciamis,2023,data\raw\Data Penduduk BPS\Jawa Barat\Kabupaten Ciamis\data_penduduk_kabupate_001.xlsx
Sadananya,39200.0,849.0,102.0,1.23,3.13,Jawa Barat,Kabupaten Ciamis,2023,data\raw\Data Penduduk BPS\Jawa Barat\Kabupaten Ciamis\data_penduduk_kabupate_001.xlsx
Cipaku,68200.0,868.0,100.8,1.18,5.45,Jawa Barat,Kabupaten Ciamis,2023,data\raw\Data Penduduk BPS\Jawa Barat\Kabupaten Ciamis\data_penduduk_kabupate_001.xlsx
Jatinagara,28000.0,821.0,98.9,0.54,2.24,Jawa Barat,Kabupaten Ciamis,2023,data\raw\Data Penduduk BPS\Jawa Barat\Kabupaten Ciamis\data_penduduk_kabupate_001.xlsx
Panawangan,51300.0,623.0,97.3,0.55,4.1,Jawa Barat,Kabupaten Ciamis,2023,data\raw\Data Penduduk BPS\Jawa Barat\Kabupaten Ciamis\data_penduduk_kabupate_001.xlsx
Kawali,42600.0,1176.0,99.6,0.67,3.4,Jawa Barat,Kabupaten Ciamis,2023,data\raw\Data Penduduk BPS\Jawa Barat\Kabupaten Ciamis\data_penduduk_kabupate_001.xlsx
Lumbung,30300.0,412.0,97.9,0.48,2.42,Jawa Barat,Kabupaten Ciamis,2023,data\raw\Data Penduduk BPS\Jawa Barat\Kabupaten Ciamis\data_penduduk_kabupate_001.xlsx
Panjalu,46500.0,1668.0,100.9,0.51,3.71,Jawa Barat,Kabupaten Ciamis,2023,data\raw\Data Penduduk BPS\Jawa Barat\Kabupaten Ciamis\data_penduduk_kabupate_001.xlsx
Sukamantri,23200.0,458.0,100.6,0.78,1.85,Jawa Barat,Kabupaten Ciamis,2023,data\raw\Data Penduduk BPS\Jawa Barat\Kabupaten Ciamis\data_penduduk_kabupate_001.xlsx
Panumbangan,61400.0,973.0,100.1,0.72,4.91,Jawa Barat,Kabupaten Ciamis,2023,data\raw\Data Penduduk BPS\Jawa Barat\Kabupaten Ciamis\data_penduduk_kabupate_001.xlsx
Ciamis,1251500.0,784.0,100.0,0.66,100.0,Jawa Barat,Kabupaten Ciamis,2023,data\raw\Data Penduduk BPS\Jawa Barat\Kabupaten Ciamis\data_penduduk_kabupate_001.xlsx
Agrabinta,41700.0,217.0,103.0,0.69,1.61,Jawa Barat,Kabupaten Cianjur,2023,data\raw\Data Penduduk BPS\Jawa Barat\Kabupaten Cianjur\data_penduduk_kabupate_001.xlsx
Leles,31600.0,276.0,110.0,-0.05,1.22,Jawa Barat,Kabupaten Cianjur,2023,data\raw\Data Penduduk BPS\Jawa Barat\Kabupaten Cianjur\data_penduduk_kabupate_001.xlsx
Sindangbarang,60800.0,382.0,102.0,0.93,2.35,Jawa Barat,Kabupaten Cianjur,2023,data\raw\Data Penduduk BPS\Jawa Barat\Kabupaten Cianjur\data_penduduk_kabupate_001.xlsx
Cidaun,71100.0,240.0,111.0,0.52,2.75,Jawa Barat,Kabupaten Cianjur,2023,data\raw\Data Penduduk BPS\Jawa Barat\Kabupaten Cianjur\data_penduduk_kabupate_001.xlsx
Naringgul,48100.0,171.0,112.0,0.33,1.86,Jawa Barat,Kabupaten Cianjur,2023,data\raw\Data Penduduk BPS\Jawa Barat\Kabupaten Cianjur\data_penduduk_kabupate_001.xlsx
Cibinong,66200.0,281.0,104.0,0.75,2.56,Jawa Barat,Kabupaten Cianjur,2023,data\raw\Data Penduduk BPS\Jawa Barat\Kabupaten Cianjur\data_penduduk_kabupate_001.xlsx
Cikadu,37600.0,199.0,114.0,0.38,1.46,Jawa Barat,Kabupaten Cianjur,2023,data\raw\Data Penduduk BPS\Jawa Barat\Kabupaten Cianjur\data_penduduk_kabupate_001.xlsx
Tanggeung,52200.0,872.0,102.0,0.95,2.02,Jawa Barat,Kabupaten Cianjur,2023,data\raw\Data Penduduk BPS\Jawa Barat\Kabupaten Cianjur\data_penduduk_kabupate_001.xlsx
Pasirkuda,39300.0,341.0,110.0,0.71,1.52,Jawa Barat,Kabupaten Cianjur,2023,data\raw\Data Penduduk BPS\Jawa Barat\Kabupaten Cianjur\data_penduduk_kabupate_001.xlsx
Kadupandak,54100.0,518.0,104.0,0.54,2.09,Jawa Barat,Kabupaten Cianjur,2023,data\raw\Data Penduduk BPS\Jawa Barat\Kabupaten Cianjur\data_penduduk_kabupate_001.xlsx
Cijati,34800.0,710.0,103.0,0.24,1.35,Jawa Barat,Kabupaten Cianjur,2023,data\raw\Data Penduduk BPS\Jawa Barat\Kabupaten Cianjur\data_penduduk_kabupate_001.xlsx
Takokak,52000.0,366.0,105.0,-0.03,2.01,Jawa Barat,Kabupaten Cianjur,2023,data\raw\Data Penduduk BPS\Jawa Barat\Kabupaten Cianjur\data_penduduk_kabupate_001.xlsx
Sukanagara,58200.0,334.0,104.0,1.05,2.25,Jawa Barat,Kabupaten Cianjur,2023,data\raw\Data Penduduk BPS\Jawa Barat\Kabupaten Cianjur\data_penduduk_kabupate_001.xlsx
Pagelaran,78100.0,391.0,103.0,0.76,3.02,Jawa Barat,Kabupaten Cianjur,2023,data\raw\Data Penduduk BPS\Jawa Barat\Kabupaten Cianjur\data_penduduk_kabupate_001.xlsx
Campaka,71500.0,497.0,107.0,0.6,2.76,Jawa Barat,Kabupaten Cianjur,2023,data\raw\Data Penduduk BPS\Jawa Barat\Kabupaten Cianjur\data_penduduk_kabupate_001.xlsx
Campakamulya,23900.0,322.0,114.0,-0.15,0.92,Jawa Barat,Kabupaten Cianjur,2023,data\raw\Data Penduduk BPS\Jawa Barat\Kabupaten Cianjur\data_penduduk_kabupate_001.xlsx
Cibeber,140100.0,1123.0,103.0,1.14,5.42,Jawa Barat,Kabupaten Cianjur,2023,data\raw\Data Penduduk BPS\Jawa Barat\Kabupaten Cianjur\data_penduduk_kabupate_001.xlsx
Warungkondang,82600.0,1829.0,104.0,1.5,3.2,Jawa Barat,Kabupaten Cianjur,2023,data\raw\Data Penduduk BPS\Jawa Barat\Kabupaten Cianjur\data_penduduk_kabupate_001.xlsx
Gekbrong,64599.99999999999,1273.0,107.0,1.47,2.5,Jawa Barat,Kabupaten Cianjur,2023,data\raw\Data Penduduk BPS\Jawa Barat\Kabupaten Cianjur\data_penduduk_kabupate_001.xlsx
Cilaku,125700.0,2392.0,101.0,1.64,4.86,Jawa Barat,Kabupaten Cianjur,2023,data\raw\Data Penduduk BPS\Jawa Barat\Kabupaten Cianjur\data_penduduk_kabupate_001.xlsx
Sukaluyu,97500.0,2031.0,103.0,2.14,3.77,Jawa Barat,Kabupaten Cianjur,2023,data\raw\Data Penduduk BPS\Jawa Barat\Kabupaten Cianjur\data_penduduk_kabupate_001.xlsx
Bojongpicung,88000.0,996.0,101.0,1.32,3.4,Jawa Barat,Kabupaten Cianjur,2023,data\raw\Data Penduduk BPS\Jawa Barat\Kabupaten Cianjur\data_penduduk_kabupate_001.xlsx
Haurwangi,67600.0,1464.0,106.0,1.43,2.62,Jawa Barat,Kabupaten Cianjur,2023,data\raw\Data Penduduk BPS\Jawa Barat\Kabupaten Cianjur\data_penduduk_kabupate_001.xlsx
Ciranjang,94100.0,2703.0,101.0,1.45,3.64,Jawa Barat,Kabupaten Cianjur,2023,data\raw\Data Penduduk BPS\Jawa Barat\Kabupaten Cianjur\data_penduduk_kabupate_001.xlsx
Mande,86100.0,872.0,105.0,1.35,3.33,Jawa Barat,Kabupaten Cianjur,2023,data\raw\Data Penduduk BPS\Jawa Barat\Kabupaten Cianjur\data_penduduk_kabupate_001.xlsx
Karangtengah,176100.0,3628.0,101.0,1.71,6.81,Jawa Barat,Kabupaten Cianjur,2023,data\raw\Data Penduduk BPS\Jawa Barat\Kabupaten Cianjur\data_penduduk_kabupate_001.xlsx
Cianjur,177800.0,6800.0,101.0,0.63,6.88,Jawa Barat,Kabupaten Cianjur,2023,data\raw\Data Penduduk BPS\Jawa Barat\Kabupaten Cianjur\data_penduduk_kabupate_001.xlsx
Cugenang,123600.0,1624.0,106.0,1.32,4.78,Jawa Barat,Kabupaten Cianjur,2023,data\raw\Data Penduduk BPS\Jawa Barat\Kabupaten Cianjur\data_penduduk_kabupate_001.xlsx
Pacet,116000.0,2783.0,108.0,1.08,4.49,Jawa Barat,Kabupaten Cianjur,2023,data\raw\Data Penduduk BPS\Jawa Barat\Kabupaten Cianjur\data_penduduk_kabupate_001.xlsx
Cipanas,116500.0,1731.0,110.0,0.61,4.51,Jawa Barat,Kabupaten Cianjur,2023,data\raw\Data Penduduk BPS\Jawa Barat\Kabupaten Cianjur\data_penduduk_kabupate_001.xlsx
Sukaresmi,95200.0,1033.0,108.0,1.03,3.68,Jawa Barat,Kabupaten Cianjur,2023,data\raw\Data Penduduk BPS\Jawa Barat\Kabupaten Cianjur\data_penduduk_kabupate_001.xlsx
Cikalongkulon,112500.0,781.0,105.0,1.05,4.35,Jawa Barat,Kabupaten Cianjur,2023,data\raw\Data Penduduk BPS\Jawa Barat\Kabupaten Cianjur\data_penduduk_kabupate_001.xlsx
Cianjur,2585000.0,715.0,105.0,1.05,100.0,Jawa Barat,Kabupaten Cianjur,2023,data\raw\Data Penduduk BPS\Jawa Barat\Kabupaten Cianjur\data_penduduk_kabupate_001.xlsx
Waled,58100.0,1890.0,103.0,0.99,2.43,Jawa Barat,Kabupaten Cirebon,2023,data\raw\Data Penduduk BPS\Jawa Barat\Kabupaten Cirebon\data_penduduk_kabupate_001.xlsx
Pasaleman,27500.0,667.0,99.0,0.98,1.15,Jawa Barat,Kabupaten Cirebon,2023,data\raw\Data Penduduk BPS\Jawa Barat\Kabupaten Cirebon\data_penduduk_kabupate_001.xlsx
Ciledug,47600.0,3258.0,103.0,1.16,1.99,Jawa Barat,Kabupaten Cirebon,2023,data\raw\Data Penduduk BPS\Jawa Barat\Kabupaten Cirebon\data_penduduk_kabupate_001.xlsx
Pabuaran,38500.0,4025.0,103.0,1.26,1.61,Jawa Barat,Kabupaten Cirebon,2023,data\raw\Data Penduduk BPS\Jawa Barat\Kabupaten Cirebon\data_penduduk_kabupate_001.xlsx
Losari,66800.0,1393.0,101.0,1.83,2.8,Jawa Barat,Kabupaten Cirebon,2023,data\raw\Data Penduduk BPS\Jawa Barat\Kabupaten Cirebon\data_penduduk_kabupate_001.xlsx
Pabedilan,61800.0,2397.0,100.0,1.63,2.59,Jawa Barat,Kabupaten Cirebon,2023,data\raw\Data Penduduk BPS\Jawa Barat\Kabupaten Cirebon\data_penduduk_kabupate_001.xlsx
Babakan,76100.0,3434.0,98.0,1.76,3.19,Jawa Barat,Kabupaten Cirebon,2023,data\raw\Data Penduduk BPS\Jawa Barat\Kabupaten Cirebon\data_penduduk_kabupate_001.xlsx
Gebang,73300.0,2075.0,100.0,2.06,3.07,Jawa Barat,Kabupaten Cirebon,2023,data\raw\Data Penduduk BPS\Jawa Barat\Kabupaten Cirebon\data_penduduk_kabupate_001.xlsx
Karangsembung,37800.0,2011.0,101.0,0.95,1.58,Jawa Barat,Kabupaten Cirebon,2023,data\raw\Data Penduduk BPS\Jawa Barat\Kabupaten Cirebon\data_penduduk_kabupate_001.xlsx
Karangwareng,29700.0,1095.0,104.0,1.1,1.25,Jawa Barat,Kabupaten Cirebon,2023,data\raw\Data Penduduk BPS\Jawa Barat\Kabupaten Cirebon\data_penduduk_kabupate_001.xlsx
Lemahabang,58300.0,2577.0,104.0,1.3,2.44,Jawa Barat,Kabupaten Cirebon,2023,data\raw\Data Penduduk BPS\Jawa Barat\Kabupaten Cirebon\data_penduduk_kabupate_001.xlsx
Susukanlebak,43400.0,2409.0,106.0,1.46,1.82,Jawa Barat,Kabupaten Cirebon,2023,data\raw\Data Penduduk BPS\Jawa Barat\Kabupaten Cirebon\data_penduduk_kabupate_001.xlsx
Sedong,44100.0,1280.0,104.0,1.08,1.84,Jawa Barat,Kabupaten Cirebon,2023,data\raw\Data Penduduk BPS\Jawa Barat\Kabupaten Cirebon\data_penduduk_kabupate_001.xlsx
Astanajapura,82600.0,2835.0,106.0,0.91,3.46,Jawa Barat,Kabupaten Cirebon,2023,data\raw\Data Penduduk BPS\Jawa Barat\Kabupaten Cirebon\data_penduduk_kabupate_001.xlsx
Pangenan,49100.0,1334.0,102.0,1.25,2.06,Jawa Barat,Kabupaten Cirebon,2023,data\raw\Data Penduduk BPS\Jawa Barat\Kabupaten Cirebon\data_penduduk_kabupate_001.xlsx
Mundu,85500.0,3110.0,105.0,1.38,3.58,Jawa Barat,Kabupaten Cirebon,2023,data\raw\Data Penduduk BPS\Jawa Barat\Kabupaten Cirebon\data_penduduk_kabupate_001.xlsx
Beber,48200.0,1882.0,110.0,2.35,2.02,Jawa Barat,Kabupaten Cirebon,2023,data\raw\Data Penduduk BPS\Jawa Barat\Kabupaten Cirebon\data_penduduk_kabupate_001.xlsx
Greged,60000.0,1863.0,107.0,1.46,2.51,Jawa Barat,Kabupaten Cirebon,2023,data\raw\Data Penduduk BPS\Jawa Barat\Kabupaten Cirebon\data_penduduk_kabupate_001.xlsx
Talun,76100.0,3897.0,104.0,1.7,3.19,Jawa Barat,Kabupaten Cirebon,2023,data\raw\Data Penduduk BPS\Jawa Barat\Kabupaten Cirebon\data_penduduk_kabupate_001.xlsx
Sumber,105000.0,3559.0,104.0,2.21,4.4,Jawa Barat,Kabupaten Cirebon,2023,data\raw\Data Penduduk BPS\Jawa Barat\Kabupaten Cirebon\data_penduduk_kabupate_001.xlsx
Dukupuntang,67800.0,1812.0,102.0,1.12,2.84,Jawa Barat,Kabupaten Cirebon,2023,data\raw\Data Penduduk BPS\Jawa Barat\Kabupaten Cirebon\data_penduduk_kabupate_001.xlsx
Palimanan,65400.00000000001,3425.0,101.0,1.47,2.74,Jawa Barat,Kabupaten Cirebon,2023,data\raw\Data Penduduk BPS\Jawa Barat\Kabupaten Cirebon\data_penduduk_kabupate_001.xlsx
Plumbon,87200.0,4587.0,104.0,1.55,3.65,Jawa Barat,Kabupaten Cirebon,2023,data\raw\Data Penduduk BPS\Jawa Barat\Kabupaten Cirebon\data_penduduk_kabupate_001.xlsx
Depok,71100.0,4347.0,104.0,1.91,2.98,Jawa Barat,Kabupaten Cirebon,2023,data\raw\Data Penduduk BPS\Jawa Barat\Kabupaten Cirebon\data_penduduk_kabupate_001.xlsx
Weru,73300.0,8050.0,108.0,1.24,3.07,Jawa Barat,Kabupaten Cirebon,2023,data\raw\Data Penduduk BPS\Jawa Barat\Kabupaten Cirebon\data_penduduk_kabupate_001.xlsx
Plered,57500.0,4349.0,105.0,1.14,2.41,Jawa Barat,Kabupaten Cirebon,2023,data\raw\Data Penduduk BPS\Jawa Barat\Kabupaten Cirebon\data_penduduk_kabupate_001.xlsx
Tengah Tani,48200.0,4942.0,105.0,1.58,2.02,Jawa Barat,Kabupaten Cirebon,2023,data\raw\Data Penduduk BPS\Jawa Barat\Kabupaten Cirebon\data_penduduk_kabupate_001.xlsx
Kedawung,61700.0,5733.0,102.0,0.35,2.59,Jawa Barat,Kabupaten Cirebon,2023,data\raw\Data Penduduk BPS\Jawa Barat\Kabupaten Cirebon\data_penduduk_kabupate_001.xlsx
Gunungjati,85400.0,3776.0,100.0,0.94,3.58,Jawa Barat,Kabupaten Cirebon,2023,data\raw\Data Penduduk BPS\Jawa Barat\Kabupaten Cirebon\data_penduduk_kabupate_001.xlsx
Kapetakan,65900.0,977.0,100.0,2.1,2.76,Jawa Barat,Kabupaten Cirebon,2023,data\raw\Data Penduduk BPS\Jawa Barat\Kabupaten Cirebon\data_penduduk_kabupate_001.xlsx
Suranenggala,48700.0,1878.0,99.0,1.47,2.04,Jawa Barat,Kabupaten Cirebon,2023,data\raw\Data Penduduk BPS\Jawa Barat\Kabupaten Cirebon\data_penduduk_kabupate_001.xlsx
Klangenan,54400.0,2668.0,102.0,0.74,2.28,Jawa Barat,Kabupaten Cirebon,2023,data\raw\Data Penduduk BPS\Jawa Barat\Kabupaten Cirebon\data_penduduk_kabupate_001.xlsx
Jamblang,40000.0,2413.0,102.0,1.2,1.67,Jawa Barat,Kabupaten Cirebon,2023,data\raw\Data Penduduk BPS\Jawa Barat\Kabupaten Cirebon\data_penduduk_kabupate_001.xlsx
Arjawinangun,75000.0,3093.0,100.0,1.59,3.14,Jawa Barat,Kabupaten Cirebon,2023,data\raw\Data Penduduk BPS\Jawa Barat\Kabupaten Cirebon\data_penduduk_kabupate_001.xlsx
Panguragan,44000.0,2003.0,101.0,0.49,1.84,Jawa Barat,Kabupaten Cirebon,2023,data\raw\Data Penduduk BPS\Jawa Barat\Kabupaten Cirebon\data_penduduk_kabupate_001.xlsx
Ciwaringin,39000.0,2051.0,100.0,0.43,1.63,Jawa Barat,Kabupaten Cirebon,2023,data\raw\Data Penduduk BPS\Jawa Barat\Kabupaten Cirebon\data_penduduk_kabupate_001.xlsx
Gempol,48100.0,1565.0,103.0,1.04,2.01,Jawa Barat,Kabupaten Cirebon,2023,data\raw\Data Penduduk BPS\Jawa Barat\Kabupaten Cirebon\data_penduduk_kabupate_001.xlsx
Susukan,71800.0,1383.0,98.0,1.32,3.01,Jawa Barat,Kabupaten Cirebon,2023,data\raw\Data Penduduk BPS\Jawa Barat\Kabupaten Cirebon\data_penduduk_kabupate_001.xlsx
Gegesik,70300.0,1103.0,102.0,0.35,2.94,Jawa Barat,Kabupaten Cirebon,2023,data\raw\Data Penduduk BPS\Jawa Barat\Kabupaten Cirebon\data_penduduk_kabupate_001.xlsx
Kaliwedi,43600.0,1516.0,98.0,1.69,1.82,Jawa Barat,Kabupaten Cirebon,2023,data\raw\Data Penduduk BPS\Jawa Barat\Kabupaten Cirebon\data_penduduk_kabupate_001.xlsx
Cirebon,2388000.0,2218.0,103.0,1.35,100.0,Jawa Barat,Kabupaten Cirebon,2023,data\raw\Data Penduduk BPS\Jawa Barat\Kabupaten Cirebon\data_penduduk_kabupate_001.xlsx
Cisewu,34200.0,198.0,105.7,0.66,1.26,Jawa Barat,Kabupaten Garut,2023,data\raw\Data Penduduk BPS\Jawa Barat\Kabupaten Garut\data_penduduk_kabupate_001.xlsx
Caringin,33700.0,340.0,108.0,1.35,1.24,Jawa Barat,Kabupaten Garut,2023,data\raw\Data Penduduk BPS\Jawa Barat\Kabupaten Garut\data_penduduk_kabupate_001.xlsx
Talegong,29500.0,271.0,108.4,0.66,1.08,Jawa Barat,Kabupaten Garut,2023,data\raw\Data Penduduk BPS\Jawa Barat\Kabupaten Garut\data_penduduk_kabupate_001.xlsx
Bungbulang,60300.0,410.0,108.6,0.92,2.22,Jawa Barat,Kabupaten Garut,2023,data\raw\Data Penduduk BPS\Jawa Barat\Kabupaten Garut\data_penduduk_kabupate_001.xlsx
Mekarmukti,19600.0,355.0,100.0,2.09,0.72,Jawa Barat,Kabupaten Garut,2023,data\raw\Data Penduduk BPS\Jawa Barat\Kabupaten Garut\data_penduduk_kabupate_001.xlsx
Pamulihan,19400.0,146.0,103.6,1.11,0.71,Jawa Barat,Kabupaten Garut,2023,data\raw\Data Penduduk BPS\Jawa Barat\Kabupaten Garut\data_penduduk_kabupate_001.xlsx
Pakenjeng,70700.0,356.0,106.4,0.92,2.6,Jawa Barat,Kabupaten Garut,2023,data\raw\Data Penduduk BPS\Jawa Barat\Kabupaten Garut\data_penduduk_kabupate_001.xlsx
Cikelet,46900.0,272.0,105.2,1.39,1.72,Jawa Barat,Kabupaten Garut,2023,data\raw\Data Penduduk BPS\Jawa Barat\Kabupaten Garut\data_penduduk_kabupate_001.xlsx
Pameungpeuk,45000.0,1019.0,103.2,1.47,1.65,Jawa Barat,Kabupaten Garut,2023,data\raw\Data Penduduk BPS\Jawa Barat\Kabupaten Garut\data_penduduk_kabupate_001.xlsx
Cibalong,47000.0,220.0,105.8,1.45,1.73,Jawa Barat,Kabupaten Garut,2023,data\raw\Data Penduduk BPS\Jawa Barat\Kabupaten Garut\data_penduduk_kabupate_001.xlsx
Cisompet,55000.0,319.0,105.6,1.11,2.02,Jawa Barat,Kabupaten Garut,2023,data\raw\Data Penduduk BPS\Jawa Barat\Kabupaten Garut\data_penduduk_kabupate_001.xlsx
Peundeuy,24800.0,436.0,106.1,1.13,0.91,Jawa Barat,Kabupaten Garut,2023,data\raw\Data Penduduk BPS\Jawa Barat\Kabupaten Garut\data_penduduk_kabupate_001.xlsx
Singajaya,49000.0,724.0,104.4,0.93,1.8,Jawa Barat,Kabupaten Garut,2023,data\raw\Data Penduduk BPS\Jawa Barat\Kabupaten Garut\data_penduduk_kabupate_001.xlsx
Cihurip,19400.0,480.0,104.6,0.98,0.71,Jawa Barat,Kabupaten Garut,2023,data\raw\Data Penduduk BPS\Jawa Barat\Kabupaten Garut\data_penduduk_kabupate_001.xlsx
Cikajang,88000.0,704.0,106.1,1.27,3.24,Jawa Barat,Kabupaten Garut,2023,data\raw\Data Penduduk BPS\Jawa Barat\Kabupaten Garut\data_penduduk_kabupate_001.xlsx
Banjarwangi,59600.0,481.0,107.4,0.83,2.19,Jawa Barat,Kabupaten Garut,2023,data\raw\Data Penduduk BPS\Jawa Barat\Kabupaten Garut\data_penduduk_kabupate_001.xlsx
Cilawu,113100.0,1456.0,103.0,1.29,4.16,Jawa Barat,Kabupaten Garut,2023,data\raw\Data Penduduk BPS\Jawa Barat\Kabupaten Garut\data_penduduk_kabupate_001.xlsx
Bayongbong,108800.0,2284.0,106.1,1.55,4.0,Jawa Barat,Kabupaten Garut,2023,data\raw\Data Penduduk BPS\Jawa Barat\Kabupaten Garut\data_penduduk_kabupate_001.xlsx
Cigedug,46600.0,1494.0,107.4,1.88,1.72,Jawa Barat,Kabupaten Garut,2023,data\raw\Data Penduduk BPS\Jawa Barat\Kabupaten Garut\data_penduduk_kabupate_001.xlsx
Cisurupan,102000.0,1261.0,105.9,0.9,3.75,Jawa Barat,Kabupaten Garut,2023,data\raw\Data Penduduk BPS\Jawa Barat\Kabupaten Garut\data_penduduk_kabupate_001.xlsx
Sukaresmi,41800.0,1188.0,104.7,1.27,1.54,Jawa Barat,Kabupaten Garut,2023,data\raw\Data Penduduk BPS\Jawa Barat\Kabupaten Garut\data_penduduk_kabupate_001.xlsx
Samarang,81200.0,1360.0,105.2,1.37,2.99,Jawa Barat,Kabupaten Garut,2023,data\raw\Data Penduduk BPS\Jawa Barat\Kabupaten Garut\data_penduduk_kabupate_001.xlsx
Pasirwangi,67400.0,1443.0,107.0,1.0,2.48,Jawa Barat,Kabupaten Garut,2023,data\raw\Data Penduduk BPS\Jawa Barat\Kabupaten Garut\data_penduduk_kabupate_001.xlsx
Tarogong Kidul,120000.0,6168.0,100.5,1.16,4.42,Jawa Barat,Kabupaten Garut,2023,data\raw\Data Penduduk BPS\Jawa Barat\Kabupaten Garut\data_penduduk_kabupate_001.xlsx
Tarogong Kaler,102600.0,2029.0,101.8,1.81,3.78,Jawa Barat,Kabupaten Garut,2023,data\raw\Data Penduduk BPS\Jawa Barat\Kabupaten Garut\data_penduduk_kabupate_001.xlsx
Garut Kota,131800.0,4757.0,100.5,0.87,4.85,Jawa Barat,Kabupaten Garut,2023,data\raw\Data Penduduk BPS\Jawa Barat\Kabupaten Garut\data_penduduk_kabupate_001.xlsx
Karangpawitan,146800.0,2820.0,103.6,2.1,5.4,Jawa Barat,Kabupaten Garut,2023,data\raw\Data Penduduk BPS\Jawa Barat\Kabupaten Garut\data_penduduk_kabupate_001.xlsx
Wanaraja,51000.0,1447.0,106.2,1.48,1.88,Jawa Barat,Kabupaten Garut,2023,data\raw\Data Penduduk BPS\Jawa Barat\Kabupaten Garut\data_penduduk_kabupate_001.xlsx
Sucinaraja,31000.0,916.0,102.8,1.68,1.14,Jawa Barat,Kabupaten Garut,2023,data\raw\Data Penduduk BPS\Jawa Barat\Kabupaten Garut\data_penduduk_kabupate_001.xlsx
Pangatikan,44400.0,2250.0,103.8,1.45,1.63,Jawa Barat,Kabupaten Garut,2023,data\raw\Data Penduduk BPS\Jawa Barat\Kabupaten Garut\data_penduduk_kabupate_001.xlsx
Sukawening,59700.0,1536.0,104.4,1.75,2.2,Jawa Barat,Kabupaten Garut,2023,data\raw\Data Penduduk BPS\Jawa Barat\Kabupaten Garut\data_penduduk_kabupate_001.xlsx
Karangtengah,19700.0,847.0,104.1,1.9,0.73,Jawa Barat,Kabupaten Garut,2023,data\raw\Data Penduduk BPS\Jawa Barat\Kabupaten Garut\data_penduduk_kabupate_001.xlsx
Banyuresmi,95700.0,1998.0,103.4,1.34,3.52,Jawa Barat,Kabupaten Garut,2023,data\raw\Data Penduduk BPS\Jawa Barat\Kabupaten Garut\data_penduduk_kabupate_001.xlsx
Leles,88200.0,1200.0,105.6,1.49,3.25,Jawa Barat,Kabupaten Garut,2023,data\raw\Data Penduduk BPS\Jawa Barat\Kabupaten Garut\data_penduduk_kabupate_001.xlsx
Leuwigoong,49400.0,2554.0,103.8,1.69,1.82,Jawa Barat,Kabupaten Garut,2023,data\raw\Data Penduduk BPS\Jawa Barat\Kabupaten Garut\data_penduduk_kabupate_001.xlsx
Cibatu,77500.0,1872.0,103.7,1.39,2.85,Jawa Barat,Kabupaten Garut,2023,data\raw\Data Penduduk BPS\Jawa Barat\Kabupaten Garut\data_penduduk_kabupate_001.xlsx
Kersamanah,40600.0,2463.0,101.7,1.38,1.5,Jawa Barat,Kabupaten Garut,2023,data\raw\Data Penduduk BPS\Jawa Barat\Kabupaten Garut\data_penduduk_kabupate_001.xlsx
Cibiuk,37100.0,1862.0,106.4,1.88,1.36,Jawa Barat,Kabupaten Garut,2023,data\raw\Data Penduduk BPS\Jawa Barat\Kabupaten Garut\data_penduduk_kabupate_001.xlsx
Kadungora,96400.0,2584.0,104.3,1.19,3.55,Jawa Barat,Kabupaten Garut,2023,data\raw\Data Penduduk BPS\Jawa Barat\Kabupaten Garut\data_penduduk_kabupate_001.xlsx
Blubur Limbangan,81000.0,1101.0,107.0,0.8,2.98,Jawa Barat,Kabupaten Garut,2023,data\raw\Data Penduduk BPS\Jawa Barat\Kabupaten Garut\data_penduduk_kabupate_001.xlsx
Selaawi,44500.0,1305.0,105.6,1.73,1.64,Jawa Barat,Kabupaten Garut,2023,data\raw\Data Penduduk BPS\Jawa Barat\Kabupaten Garut\data_penduduk_kabupate_001.xlsx
Malangbong,136700.0,1480.0,105.3,1.44,5.03,Jawa Barat,Kabupaten Garut,2023,data\raw\Data Penduduk BPS\Jawa Barat\Kabupaten Garut\data_penduduk_kabupate_001.xlsx
Garut,2717000.0,886.0,104.6,1.33,100.0,Jawa Barat,Kabupaten Garut,2023,data\raw\Data Penduduk BPS\Jawa Barat\Kabupaten Garut\data_penduduk_kabupate_001.xlsx
Haurgeulis,93800.0,1466.0,102.9,0.64,4.9,Jawa Barat,Kabupaten Indramayu,2023,data\raw\Data Penduduk BPS\Jawa Barat\Kabupaten Indramayu\data_penduduk_kabupate_001.xlsx
Gantar,61700.0,358.0,103.1,0.28,3.22,Jawa Barat,Kabupaten Indramayu,2023,data\raw\Data Penduduk BPS\Jawa Barat\Kabupaten Indramayu\data_penduduk_kabupate_001.xlsx
Kroya,68600.0,507.0,102.3,1.1,3.58,Jawa Barat,Kabupaten Indramayu,2023,data\raw\Data Penduduk BPS\Jawa Barat\Kabupaten Indramayu\data_penduduk_kabupate_001.xlsx
Gabuswetan,60300.0,776.0,99.7,1.0,3.15,Jawa Barat,Kabupaten Indramayu,2023,data\raw\Data Penduduk BPS\Jawa Barat\Kabupaten Indramayu\data_penduduk_kabupate_001.xlsx
Cikedung,42200.0,373.0,98.8,0.82,2.2,Jawa Barat,Kabupaten Indramayu,2023,data\raw\Data Penduduk BPS\Jawa Barat\Kabupaten Indramayu\data_penduduk_kabupate_001.xlsx
Terisi,58700.0,350.0,102.2,0.98,3.06,Jawa Barat,Kabupaten Indramayu,2023,data\raw\Data Penduduk BPS\Jawa Barat\Kabupaten Indramayu\data_penduduk_kabupate_001.xlsx
Lelea,49600.0,805.0,99.2,0.57,2.59,Jawa Barat,Kabupaten Indramayu,2023,data\raw\Data Penduduk BPS\Jawa Barat\Kabupaten Indramayu\data_penduduk_kabupate_001.xlsx
Bangodua,31700.0,724.0,101.6,1.36,1.65,Jawa Barat,Kabupaten Indramayu,2023,data\raw\Data Penduduk BPS\Jawa Barat\Kabupaten Indramayu\data_penduduk_kabupate_001.xlsx
Tukdana,60200.0,799.0,98.7,1.56,3.14,Jawa Barat,Kabupaten Indramayu,2023,data\raw\Data Penduduk BPS\Jawa Barat\Kabupaten Indramayu\data_penduduk_kabupate_001.xlsx
Widasari,39600.0,987.0,100.6,1.41,2.07,Jawa Barat,Kabupaten Indramayu,2023,data\raw\Data Penduduk BPS\Jawa Barat\Kabupaten Indramayu\data_penduduk_kabupate_001.xlsx
Kertasemaya,64800.0,1687.0,101.4,0.76,3.38,Jawa Barat,Kabupaten Indramayu,2023,data\raw\Data Penduduk BPS\Jawa Barat\Kabupaten Indramayu\data_penduduk_kabupate_001.xlsx
Sukagumiwang,36600.0,1109.0,100.8,0.18,1.91,Jawa Barat,Kabupaten Indramayu,2023,data\raw\Data Penduduk BPS\Jawa Barat\Kabupaten Indramayu\data_penduduk_kabupate_001.xlsx
Krangkeng,70700.0,959.0,100.9,1.09,3.69,Jawa Barat,Kabupaten Indramayu,2023,data\raw\Data Penduduk BPS\Jawa Barat\Kabupaten Indramayu\data_penduduk_kabupate_001.xlsx
Karangampel,73100.0,2380.0,100.4,1.51,3.82,Jawa Barat,Kabupaten Indramayu,2023,data\raw\Data Penduduk BPS\Jawa Barat\Kabupaten Indramayu\data_penduduk_kabupate_001.xlsx
Kedokan Bunder,51600.0,1624.0,100.4,1.45,2.7,Jawa Barat,Kabupaten Indramayu,2023,data\raw\Data Penduduk BPS\Jawa Barat\Kabupaten Indramayu\data_penduduk_kabupate_001.xlsx
Juntinyuat,93900.0,1748.0,97.9,1.72,4.9,Jawa Barat,Kabupaten Indramayu,2023,data\raw\Data Penduduk BPS\Jawa Barat\Kabupaten Indramayu\data_penduduk_kabupate_001.xlsx
Sliyeg,66600.0,1225.0,98.5,1.23,3.48,Jawa Barat,Kabupaten Indramayu,2023,data\raw\Data Penduduk BPS\Jawa Barat\Kabupaten Indramayu\data_penduduk_kabupate_001.xlsx
Jatibarang,80200.0,1862.0,99.7,1.32,4.19,Jawa Barat,Kabupaten Indramayu,2023,data\raw\Data Penduduk BPS\Jawa Barat\Kabupaten Indramayu\data_penduduk_kabupate_001.xlsx
Balongan,50000.0,1395.0,97.5,2.23,2.61,Jawa Barat,Kabupaten Indramayu,2023,data\raw\Data Penduduk BPS\Jawa Barat\Kabupaten Indramayu\data_penduduk_kabupate_001.xlsx
Indramayu,125600.0,2344.0,99.9,1.39,6.56,Jawa Barat,Kabupaten Indramayu,2023,data\raw\Data Penduduk BPS\Jawa Barat\Kabupaten Indramayu\data_penduduk_kabupate_001.xlsx
Sindang,59000.0,1423.0,102.6,1.52,3.08,Jawa Barat,Kabupaten Indramayu,2023,data\raw\Data Penduduk BPS\Jawa Barat\Kabupaten Indramayu\data_penduduk_kabupate_001.xlsx
Cantigi,34900.0,411.0,101.8,3.49,1.82,Jawa Barat,Kabupaten Indramayu,2023,data\raw\Data Penduduk BPS\Jawa Barat\Kabupaten Indramayu\data_penduduk_kabupate_001.xlsx
Pasekan,30200.0,469.0,105.2,2.08,1.58,Jawa Barat,Kabupaten Indramayu,2023,data\raw\Data Penduduk BPS\Jawa Barat\Kabupaten Indramayu\data_penduduk_kabupate_001.xlsx
Lohbener,59600.0,1540.0,101.9,0.92,3.11,Jawa Barat,Kabupaten Indramayu,2023,data\raw\Data Penduduk BPS\Jawa Barat\Kabupaten Indramayu\data_penduduk_kabupate_001.xlsx
Arahan,37900.0,1158.0,102.2,1.58,1.98,Jawa Barat,Kabupaten Indramayu,2023,data\raw\Data Penduduk BPS\Jawa Barat\Kabupaten Indramayu\data_penduduk_kabupate_001.xlsx
Losarang,55100.0,508.0,103.3,0.18,2.88,Jawa Barat,Kabupaten Indramayu,2023,data\raw\Data Penduduk BPS\Jawa Barat\Kabupaten Indramayu\data_penduduk_kabupate_001.xlsx
Kandanghaur,97900.0,1116.0,103.7,1.26,5.11,Jawa Barat,Kabupaten Indramayu,2023,data\raw\Data Penduduk BPS\Jawa Barat\Kabupaten Indramayu\data_penduduk_kabupate_001.xlsx
Bongas,52800.0,1057.0,99.3,1.18,2.76,Jawa Barat,Kabupaten Indramayu,2023,data\raw\Data Penduduk BPS\Jawa Barat\Kabupaten Indramayu\data_penduduk_kabupate_001.xlsx
Anjatan,92400.0,1094.0,99.7,1.17,4.83,Jawa Barat,Kabupaten Indramayu,2023,data\raw\Data Penduduk BPS\Jawa Barat\Kabupaten Indramayu\data_penduduk_kabupate_001.xlsx
Sukra,51700.0,1165.0,97.9,1.53,2.7,Jawa Barat,Kabupaten Indramayu,2023,data\raw\Data Penduduk BPS\Jawa Barat\Kabupaten Indramayu\data_penduduk_kabupate_001.xlsx
Patrol,63500.0,1500.0,99.6,1.4,3.32,Jawa Barat,Kabupaten Indramayu,2023,data\raw\Data Penduduk BPS\Jawa Barat\Kabupaten Indramayu\data_penduduk_kabupate_001.xlsx
Indramayu,1914000.0,921.0,100.7,1.22,100.0,Jawa Barat,Kabupaten Indramayu,2023,data\raw\Data Penduduk BPS\Jawa Barat\Kabupaten Indramayu\data_penduduk_kabupate_001.xlsx
Pangkalan,42700.0,429.0,110.0,1.15,1.67,Jawa Barat,Kabupaten Karawang,2023,data\raw\Data Penduduk BPS\Jawa Barat\Kabupaten Karawang\data_penduduk_kabupate_001.xlsx
Tegalwaru,40700.0,781.0,103.0,1.03,1.59,Jawa Barat,Kabupaten Karawang,2023,data\raw\Data Penduduk BPS\Jawa Barat\Kabupaten Karawang\data_penduduk_kabupate_001.xlsx
Ciampel,45800.0,391.0,106.0,0.86,1.79,Jawa Barat,Kabupaten Karawang,2023,data\raw\Data Penduduk BPS\Jawa Barat\Kabupaten Karawang\data_penduduk_kabupate_001.xlsx
Telukjambe Timur,135700.0,3.0,99.0,0.28,5.31,Jawa Barat,Kabupaten Karawang,2023,data\raw\Data Penduduk BPS\Jawa Barat\Kabupaten Karawang\data_penduduk_kabupate_001.xlsx
Telukjambe Barat,57800.0,816.0,100.0,0.99,2.26,Jawa Barat,Kabupaten Karawang,2023,data\raw\Data Penduduk BPS\Jawa Barat\Kabupaten Karawang\data_penduduk_kabupate_001.xlsx
Klari,212500.0,3.0,103.0,2.0,8.32,Jawa Barat,Kabupaten Karawang,2023,data\raw\Data Penduduk BPS\Jawa Barat\Kabupaten Karawang\data_penduduk_kabupate_001.xlsx
Cikampek,123900.0,3.0,104.0,0.82,4.85,Jawa Barat,Kabupaten Karawang,2023,data\raw\Data Penduduk BPS\Jawa Barat\Kabupaten Karawang\data_penduduk_kabupate_001.xlsx
Purwasari,86900.0,3.0,102.0,2.03,3.4,Jawa Barat,Kabupaten Karawang,2023,data\raw\Data Penduduk BPS\Jawa Barat\Kabupaten Karawang\data_penduduk_kabupate_001.xlsx
Tirtamulya,52100.0,1.0,102.0,0.94,2.04,Jawa Barat,Kabupaten Karawang,2023,data\raw\Data Penduduk BPS\Jawa Barat\Kabupaten Karawang\data_penduduk_kabupate_001.xlsx
Jatisari,83600.0,2.0,103.0,0.85,3.27,Jawa Barat,Kabupaten Karawang,2023,data\raw\Data Penduduk BPS\Jawa Barat\Kabupaten Karawang\data_penduduk_kabupate_001.xlsx
Banyusari,58000.0,1.0,102.0,0.7,2.27,Jawa Barat,Kabupaten Karawang,2023,data\raw\Data Penduduk BPS\Jawa Barat\Kabupaten Karawang\data_penduduk_kabupate_001.xlsx
Kotabaru,143900.0,4.0,102.0,1.09,5.64,Jawa Barat,Kabupaten Karawang,2023,data\raw\Data Penduduk BPS\Jawa Barat\Kabupaten Karawang\data_penduduk_kabupate_001.xlsx
Cilamaya Wetan,82000.0,1.0,102.0,0.39,3.21,Jawa Barat,Kabupaten Karawang,2023,data\raw\Data Penduduk BPS\Jawa Barat\Kabupaten Karawang\data_penduduk_kabupate_001.xlsx
Cilamaya Kulon,68200.0,998.0,100.0,0.72,2.67,Jawa Barat,Kabupaten Karawang,2023,data\raw\Data Penduduk BPS\Jawa Barat\Kabupaten Karawang\data_penduduk_kabupate_001.xlsx
Lemahabang,68000.0,1.0,100.0,0.59,2.66,Jawa Barat,Kabupaten Karawang,2023,data\raw\Data Penduduk BPS\Jawa Barat\Kabupaten Karawang\data_penduduk_kabupate_001.xlsx
Telagasari,72000.0,681.0,99.0,1.06,2.82,Jawa Barat,Kabupaten Karawang,2023,data\raw\Data Penduduk BPS\Jawa Barat\Kabupaten Karawang\data_penduduk_kabupate_001.xlsx
Majalaya,88000.0,3.0,103.0,4.74,3.44,Jawa Barat,Kabupaten Karawang,2023,data\raw\Data Penduduk BPS\Jawa Barat\Kabupaten Karawang\data_penduduk_kabupate_001.xlsx
Karawang Timur,166500.0,5.0,102.0,2.22,6.52,Jawa Barat,Kabupaten Karawang,2023,data\raw\Data Penduduk BPS\Jawa Barat\Kabupaten Karawang\data_penduduk_kabupate_001.xlsx
Karawang Barat,167400.0,4.0,103.0,0.31,6.55,Jawa Barat,Kabupaten Karawang,2023,data\raw\Data Penduduk BPS\Jawa Barat\Kabupaten Karawang\data_penduduk_kabupate_001.xlsx
Rawamerta,56100.0,1.0,101.0,0.79,2.19,Jawa Barat,Kabupaten Karawang,2023,data\raw\Data Penduduk BPS\Jawa Barat\Kabupaten Karawang\data_penduduk_kabupate_001.xlsx
Tempuran,67300.0,719.0,99.0,0.77,2.63,Jawa Barat,Kabupaten Karawang,2023,data\raw\Data Penduduk BPS\Jawa Barat\Kabupaten Karawang\data_penduduk_kabupate_001.xlsx
Kutawaluya,63100.0,1.0,102.0,0.93,2.47,Jawa Barat,Kabupaten Karawang,2023,data\raw\Data Penduduk BPS\Jawa Barat\Kabupaten Karawang\data_penduduk_kabupate_001.xlsx
Rengasdengklok,120100.0,3.0,104.0,0.77,4.7,Jawa Barat,Kabupaten Karawang,2023,data\raw\Data Penduduk BPS\Jawa Barat\Kabupaten Karawang\data_penduduk_kabupate_001.xlsx
Jayakerta,70000.0,2.0,102.0,0.88,2.74,Jawa Barat,Kabupaten Karawang,2023,data\raw\Data Penduduk BPS\Jawa Barat\Kabupaten Karawang\data_penduduk_kabupate_001.xlsx
Pedes,82100.0,1.0,101.0,0.89,3.21,Jawa Barat,Kabupaten Karawang,2023,data\raw\Data Penduduk BPS\Jawa Barat\Kabupaten Karawang\data_penduduk_kabupate_001.xlsx
Cilebar,46900.0,652.0,99.0,1.02,1.84,Jawa Barat,Kabupaten Karawang,2023,data\raw\Data Penduduk BPS\Jawa Barat\Kabupaten Karawang\data_penduduk_kabupate_001.xlsx
Cibuaya,55000.0,465.0,104.0,0.65,2.15,Jawa Barat,Kabupaten Karawang,2023,data\raw\Data Penduduk BPS\Jawa Barat\Kabupaten Karawang\data_penduduk_kabupate_001.xlsx
Tirtajaya,72900.0,692.0,102.0,0.94,2.85,Jawa Barat,Kabupaten Karawang,2023,data\raw\Data Penduduk BPS\Jawa Barat\Kabupaten Karawang\data_penduduk_kabupate_001.xlsx
Batujaya,82700.0,1.0,102.0,0.45,3.24,Jawa Barat,Kabupaten Karawang,2023,data\raw\Data Penduduk BPS\Jawa Barat\Kabupaten Karawang\data_penduduk_kabupate_001.xlsx
Pakisjaya,42200.0,618.0,104.0,0.81,1.65,Jawa Barat,Kabupaten Karawang,2023,data\raw\Data Penduduk BPS\Jawa Barat\Kabupaten Karawang\data_penduduk_kabupate_001.xlsx
Karawang,2554400.0,1.0,102.0,1.12,100.0,Jawa Barat,Kabupaten Karawang,2023,data\raw\Data Penduduk BPS\Jawa Barat\Kabupaten Karawang\data_penduduk_kabupate_001.xlsx
Darma,55800.0,1023.0,103.9,1.53,4.64,Jawa Barat,Kabupaten Kuningan,2023,data\raw\Data Penduduk BPS\Jawa Barat\Kabupaten Kuningan\data_penduduk_kabupate_001.xlsx
Kadugede,28900.0,1597.0,102.2,1.27,2.41,Jawa Barat,Kabupaten Kuningan,2023,data\raw\Data Penduduk BPS\Jawa Barat\Kabupaten Kuningan\data_penduduk_kabupate_001.xlsx
Nusaherang,20800.0,1148.0,101.1,1.17,1.73,Jawa Barat,Kabupaten Kuningan,2023,data\raw\Data Penduduk BPS\Jawa Barat\Kabupaten Kuningan\data_penduduk_kabupate_001.xlsx
Ciniru,20800.0,418.0,103.3,1.1,1.73,Jawa Barat,Kabupaten Kuningan,2023,data\raw\Data Penduduk BPS\Jawa Barat\Kabupaten Kuningan\data_penduduk_kabupate_001.xlsx
Hantara,15000.0,423.0,101.2,1.03,1.25,Jawa Barat,Kabupaten Kuningan,2023,data\raw\Data Penduduk BPS\Jawa Barat\Kabupaten Kuningan\data_penduduk_kabupate_001.xlsx
Selajambe,13600.0,373.0,100.5,0.09,1.14,Jawa Barat,Kabupaten Kuningan,2023,data\raw\Data Penduduk BPS\Jawa Barat\Kabupaten Kuningan\data_penduduk_kabupate_001.xlsx
Subang,15700.0,331.0,102.4,0.36,1.31,Jawa Barat,Kabupaten Kuningan,2023,data\raw\Data Penduduk BPS\Jawa Barat\Kabupaten Kuningan\data_penduduk_kabupate_001.xlsx
Cilebak,11500.0,270.0,98.8,0.22,0.96,Jawa Barat,Kabupaten Kuningan,2023,data\raw\Data Penduduk BPS\Jawa Barat\Kabupaten Kuningan\data_penduduk_kabupate_001.xlsx
Ciwaru,31300.0,601.0,101.5,0.01,2.6,Jawa Barat,Kabupaten Kuningan,2023,data\raw\Data Penduduk BPS\Jawa Barat\Kabupaten Kuningan\data_penduduk_kabupate_001.xlsx
Karangkancana,22200.0,341.0,103.9,0.37,1.85,Jawa Barat,Kabupaten Kuningan,2023,data\raw\Data Penduduk BPS\Jawa Barat\Kabupaten Kuningan\data_penduduk_kabupate_001.xlsx
Cibingbin,39900.0,572.0,103.0,0.47,3.32,Jawa Barat,Kabupaten Kuningan,2023,data\raw\Data Penduduk BPS\Jawa Barat\Kabupaten Kuningan\data_penduduk_kabupate_001.xlsx
Cibeureum,20500.0,522.0,100.1,0.51,1.7,Jawa Barat,Kabupaten Kuningan,2023,data\raw\Data Penduduk BPS\Jawa Barat\Kabupaten Kuningan\data_penduduk_kabupate_001.xlsx
Luragung,48600.0,1192.0,101.4,1.98,4.04,Jawa Barat,Kabupaten Kuningan,2023,data\raw\Data Penduduk BPS\Jawa Barat\Kabupaten Kuningan\data_penduduk_kabupate_001.xlsx
Cimahi,31000.0,531.0,102.2,0.36,2.58,Jawa Barat,Kabupaten Kuningan,2023,data\raw\Data Penduduk BPS\Jawa Barat\Kabupaten Kuningan\data_penduduk_kabupate_001.xlsx
Cidahu,45600.0,1230.0,105.2,0.87,3.79,Jawa Barat,Kabupaten Kuningan,2023,data\raw\Data Penduduk BPS\Jawa Barat\Kabupaten Kuningan\data_penduduk_kabupate_001.xlsx
Kalimanggis,27100.0,1342.0,102.3,1.02,2.25,Jawa Barat,Kabupaten Kuningan,2023,data\raw\Data Penduduk BPS\Jawa Barat\Kabupaten Kuningan\data_penduduk_kabupate_001.xlsx
Ciawigebang,98000.0,1621.0,105.7,1.37,8.15,Jawa Barat,Kabupaten Kuningan,2023,data\raw\Data Penduduk BPS\Jawa Barat\Kabupaten Kuningan\data_penduduk_kabupate_001.xlsx
Cipicung,30000.0,1579.0,101.3,0.94,2.5,Jawa Barat,Kabupaten Kuningan,2023,data\raw\Data Penduduk BPS\Jawa Barat\Kabupaten Kuningan\data_penduduk_kabupate_001.xlsx
Lebakwangi,48400.0,2457.0,102.5,1.51,4.03,Jawa Barat,Kabupaten Kuningan,2023,data\raw\Data Penduduk BPS\Jawa Barat\Kabupaten Kuningan\data_penduduk_kabupate_001.xlsx
Maleber,45300.0,789.0,105.2,0.6,3.77,Jawa Barat,Kabupaten Kuningan,2023,data\raw\Data Penduduk BPS\Jawa Barat\Kabupaten Kuningan\data_penduduk_kabupate_001.xlsx
Garawangi,44500.0,1491.0,104.6,0.78,3.7,Jawa Barat,Kabupaten Kuningan,2023,data\raw\Data Penduduk BPS\Jawa Barat\Kabupaten Kuningan\data_penduduk_kabupate_001.xlsx
Sindangagung,40800.0,3133.0,101.4,1.25,3.39,Jawa Barat,Kabupaten Kuningan,2023,data\raw\Data Penduduk BPS\Jawa Barat\Kabupaten Kuningan\data_penduduk_kabupate_001.xlsx
Kuningan,115000.0,3843.0,101.6,1.69,9.57,Jawa Barat,Kabupaten Kuningan,2023,data\raw\Data Penduduk BPS\Jawa Barat\Kabupaten Kuningan\data_penduduk_kabupate_001.xlsx
Cigugur,49200.0,1394.0,102.5,0.98,4.09,Jawa Barat,Kabupaten Kuningan,2023,data\raw\Data Penduduk BPS\Jawa Barat\Kabupaten Kuningan\data_penduduk_kabupate_001.xlsx
Kramatmulya,45500.0,2697.0,100.2,0.36,3.79,Jawa Barat,Kabupaten Kuningan,2023,data\raw\Data Penduduk BPS\Jawa Barat\Kabupaten Kuningan\data_penduduk_kabupate_001.xlsx
Jalaksana,50400.0,1284.0,102.2,1.02,4.19,Jawa Barat,Kabupaten Kuningan,2023,data\raw\Data Penduduk BPS\Jawa Barat\Kabupaten Kuningan\data_penduduk_kabupate_001.xlsx
Japara,23600.0,870.0,104.0,1.86,1.96,Jawa Barat,Kabupaten Kuningan,2023,data\raw\Data Penduduk BPS\Jawa Barat\Kabupaten Kuningan\data_penduduk_kabupate_001.xlsx
Cilimus,53800.0,1523.0,100.9,1.32,4.47,Jawa Barat,Kabupaten Kuningan,2023,data\raw\Data Penduduk BPS\Jawa Barat\Kabupaten Kuningan\data_penduduk_kabupate_001.xlsx
Cigandamekar,34300.0,1528.0,106.0,1.59,2.85,Jawa Barat,Kabupaten Kuningan,2023,data\raw\Data Penduduk BPS\Jawa Barat\Kabupaten Kuningan\data_penduduk_kabupate_001.xlsx
Mandirancan,25100.0,717.0,99.0,1.49,2.09,Jawa Barat,Kabupaten Kuningan,2023,data\raw\Data Penduduk BPS\Jawa Barat\Kabupaten Kuningan\data_penduduk_kabupate_001.xlsx
Pancalang,26300.0,1371.0,103.0,1.46,2.19,Jawa Barat,Kabupaten Kuningan,2023,data\raw\Data Penduduk BPS\Jawa Barat\Kabupaten Kuningan\data_penduduk_kabupate_001.xlsx
Pasawahan,23500.0,477.0,100.8,0.68,1.96,Jawa Barat,Kabupaten Kuningan,2023,data\raw\Data Penduduk BPS\Jawa Barat\Kabupaten Kuningan\data_penduduk_kabupate_001.xlsx
Kuningan,1201800.0,1006.0,102.6,1.04,100.0,Jawa Barat,Kabupaten Kuningan,2023,data\raw\Data Penduduk BPS\Jawa Barat\Kabupaten Kuningan\data_penduduk_kabupate_001.xlsx
Lemahsugih,65200.0,836.0,104.0,0.84,4.82,Jawa Barat,Kabupaten Majalengka,2023,data\raw\Data Penduduk BPS\Jawa Barat\Kabupaten Majalengka\data_penduduk_kabupate_001.xlsx
Bantarujeg,47400.0,716.0,99.0,0.62,3.5,Jawa Barat,Kabupaten Majalengka,2023,data\raw\Data Penduduk BPS\Jawa Barat\Kabupaten Majalengka\data_penduduk_kabupate_001.xlsx
Malausma,50300.0,1131.0,106.0,1.38,3.72,Jawa Barat,Kabupaten Majalengka,2023,data\raw\Data Penduduk BPS\Jawa Barat\Kabupaten Majalengka\data_penduduk_kabupate_001.xlsx
Cikijing,70200.0,1627.0,100.0,1.06,5.19,Jawa Barat,Kabupaten Majalengka,2023,data\raw\Data Penduduk BPS\Jawa Barat\Kabupaten Majalengka\data_penduduk_kabupate_001.xlsx
Cingambul,45200.0,1239.0,101.0,1.61,3.34,Jawa Barat,Kabupaten Majalengka,2023,data\raw\Data Penduduk BPS\Jawa Barat\Kabupaten Majalengka\data_penduduk_kabupate_001.xlsx
Talaga,49300.0,1141.0,102.0,0.85,3.64,Jawa Barat,Kabupaten Majalengka,2023,data\raw\Data Penduduk BPS\Jawa Barat\Kabupaten Majalengka\data_penduduk_kabupate_001.xlsx
Banjaran,25200.0,602.0,98.0,0.24,1.87,Jawa Barat,Kabupaten Majalengka,2023,data\raw\Data Penduduk BPS\Jawa Barat\Kabupaten Majalengka\data_penduduk_kabupate_001.xlsx
Argapura,37400.0,621.0,103.0,0.67,2.76,Jawa Barat,Kabupaten Majalengka,2023,data\raw\Data Penduduk BPS\Jawa Barat\Kabupaten Majalengka\data_penduduk_kabupate_001.xlsx
Maja,53200.0,820.0,101.0,0.55,3.94,Jawa Barat,Kabupaten Majalengka,2023,data\raw\Data Penduduk BPS\Jawa Barat\Kabupaten Majalengka\data_penduduk_kabupate_001.xlsx
Majalengka,74100.0,1304.0,100.0,0.38,5.48,Jawa Barat,Kabupaten Majalengka,2023,data\raw\Data Penduduk BPS\Jawa Barat\Kabupaten Majalengka\data_penduduk_kabupate_001.xlsx
Cigasong,39000.0,1627.0,101.0,0.88,2.89,Jawa Barat,Kabupaten Majalengka,2023,data\raw\Data Penduduk BPS\Jawa Barat\Kabupaten Majalengka\data_penduduk_kabupate_001.xlsx
Sukahaji,49700.0,1550.0,99.0,1.55,3.68,Jawa Barat,Kabupaten Majalengka,2023,data\raw\Data Penduduk BPS\Jawa Barat\Kabupaten Majalengka\data_penduduk_kabupate_001.xlsx
Sindang,17800.0,754.0,98.0,1.44,1.32,Jawa Barat,Kabupaten Majalengka,2023,data\raw\Data Penduduk BPS\Jawa Barat\Kabupaten Majalengka\data_penduduk_kabupate_001.xlsx
Rajagaluh,48700.0,1431.0,102.0,1.06,3.6,Jawa Barat,Kabupaten Majalengka,2023,data\raw\Data Penduduk BPS\Jawa Barat\Kabupaten Majalengka\data_penduduk_kabupate_001.xlsx
Sindangwangi,35700.0,1135.0,102.0,1.07,2.64,Jawa Barat,Kabupaten Majalengka,2023,data\raw\Data Penduduk BPS\Jawa Barat\Kabupaten Majalengka\data_penduduk_kabupate_001.xlsx
Leuwimunding,66900.0,2081.0,104.0,1.2,4.94,Jawa Barat,Kabupaten Majalengka,2023,data\raw\Data Penduduk BPS\Jawa Barat\Kabupaten Majalengka\data_penduduk_kabupate_001.xlsx
Palasah,56100.0,1467.0,101.0,1.38,4.15,Jawa Barat,Kabupaten Majalengka,2023,data\raw\Data Penduduk BPS\Jawa Barat\Kabupaten Majalengka\data_penduduk_kabupate_001.xlsx
Jatiwangi,92500.0,2325.0,100.0,0.69,6.84,Jawa Barat,Kabupaten Majalengka,2023,data\raw\Data Penduduk BPS\Jawa Barat\Kabupaten Majalengka\data_penduduk_kabupate_001.xlsx
Dawuan,48500.0,2046.0,99.0,0.48,3.59,Jawa Barat,Kabupaten Majalengka,2023,data\raw\Data Penduduk BPS\Jawa Barat\Kabupaten Majalengka\data_penduduk_kabupate_001.xlsx
Kasokandel,55300.0,169.0,100.0,1.24,4.09,Jawa Barat,Kabupaten Majalengka,2023,data\raw\Data Penduduk BPS\Jawa Barat\Kabupaten Majalengka\data_penduduk_kabupate_001.xlsx
Panyingkiran,33700.0,1477.0,100.0,0.81,2.49,Jawa Barat,Kabupaten Majalengka,2023,data\raw\Data Penduduk BPS\Jawa Barat\Kabupaten Majalengka\data_penduduk_kabupate_001.xlsx
Kadipaten,48500.0,2232.0,101.0,0.68,3.59,Jawa Barat,Kabupaten Majalengka,2023,data\raw\Data Penduduk BPS\Jawa Barat\Kabupaten Majalengka\data_penduduk_kabupate_001.xlsx
Kertajati,49400.0,360.0,96.0,1.0,3.65,Jawa Barat,Kabupaten Majalengka,2023,data\raw\Data Penduduk BPS\Jawa Barat\Kabupaten Majalengka\data_penduduk_kabupate_001.xlsx
Jatitujuh,56500.0,77.0,97.0,0.62,4.18,Jawa Barat,Kabupaten Majalengka,2023,data\raw\Data Penduduk BPS\Jawa Barat\Kabupaten Majalengka\data_penduduk_kabupate_001.xlsx
Ligung,69200.0,1126.0,96.0,1.38,5.12,Jawa Barat,Kabupaten Majalengka,2023,data\raw\Data Penduduk BPS\Jawa Barat\Kabupaten Majalengka\data_penduduk_kabupate_001.xlsx
Sumberjaya,67400.0,2079.0,99.0,1.13,4.98,Jawa Barat,Kabupaten Majalengka,2023,data\raw\Data Penduduk BPS\Jawa Barat\Kabupaten Majalengka\data_penduduk_kabupate_001.xlsx
Majalengka,1352500.0,31973.0,101.0,0.95,100.0,Jawa Barat,Kabupaten Majalengka,2023,data\raw\Data Penduduk BPS\Jawa Barat\Kabupaten Majalengka\data_penduduk_kabupate_001.xlsx
Cimerak,50000.0,426.0,100.0,0.92,11.69,Jawa Barat,Kabupaten Pangandaran,2023,data\raw\Data Penduduk BPS\Jawa Barat\Kabupaten Pangandaran\data_penduduk_kabupate_001.xlsx
Cijulang,28000.0,317.0,96.0,0.19,6.47,Jawa Barat,Kabupaten Pangandaran,2023,data\raw\Data Penduduk BPS\Jawa Barat\Kabupaten Pangandaran\data_penduduk_kabupate_001.xlsx
Cigugur,23000.0,226.0,102.0,0.53,5.36,Jawa Barat,Kabupaten Pangandaran,2023,data\raw\Data Penduduk BPS\Jawa Barat\Kabupaten Pangandaran\data_penduduk_kabupate_001.xlsx
Langkaplancar,52000.0,292.0,102.0,0.54,11.99,Jawa Barat,Kabupaten Pangandaran,2023,data\raw\Data Penduduk BPS\Jawa Barat\Kabupaten Pangandaran\data_penduduk_kabupate_001.xlsx
Parigi,47000.0,480.0,98.0,0.64,10.9,Jawa Barat,Kabupaten Pangandaran,2023,data\raw\Data Penduduk BPS\Jawa Barat\Kabupaten Pangandaran\data_penduduk_kabupate_001.xlsx
Sidamulih,30000.0,391.0,99.0,0.79,7.06,Jawa Barat,Kabupaten Pangandaran,2023,data\raw\Data Penduduk BPS\Jawa Barat\Kabupaten Pangandaran\data_penduduk_kabupate_001.xlsx
Pangandaran,60000.0,980.0,100.0,0.8,13.81,Jawa Barat,Kabupaten Pangandaran,2023,data\raw\Data Penduduk BPS\Jawa Barat\Kabupaten Pangandaran\data_penduduk_kabupate_001.xlsx
Kalipucang,39000.0,283.0,100.0,0.44,8.98,Jawa Barat,Kabupaten Pangandaran,2023,data\raw\Data Penduduk BPS\Jawa Barat\Kabupaten Pangandaran\data_penduduk_kabupate_001.xlsx
Padaherang,69000.0,585.0,100.0,0.72,16.11,Jawa Barat,Kabupaten Pangandaran,2023,data\raw\Data Penduduk BPS\Jawa Barat\Kabupaten Pangandaran\data_penduduk_kabupate_001.xlsx
Mangunjaya,33000.0,1004.0,100.0,0.81,7.63,Jawa Barat,Kabupaten Pangandaran,2023,data\raw\Data Penduduk BPS\Jawa Barat\Kabupaten Pangandaran\data_penduduk_kabupate_001.xlsx
Pangandaran,431000.0,427.0,100.0,0.67,100.0,Jawa Barat,Kabupaten Pangandaran,2023,data\raw\Data Penduduk BPS\Jawa Barat\Kabupaten Pangandaran\data_penduduk_kabupate_001.xlsx
Jatiluhur,78400.0,1304.0,1.0,1.57,7.46,Jawa Barat,Kabupaten Purwakarta,2023,data\raw\Data Penduduk BPS\Jawa Barat\Kabupaten Purwakarta\data_penduduk_kabupate_001.xlsx
Sukasari,18300.0,199.0,1.1,1.57,1.74,Jawa Barat,Kabupaten Purwakarta,2023,data\raw\Data Penduduk BPS\Jawa Barat\Kabupaten Purwakarta\data_penduduk_kabupate_001.xlsx
Maniis,37700.0,527.0,1.1,1.23,3.59,Jawa Barat,Kabupaten Purwakarta,2023,data\raw\Data Penduduk BPS\Jawa Barat\Kabupaten Purwakarta\data_penduduk_kabupate_001.xlsx
Tegal Waru,56600.0,773.0,1.1,1.66,5.39,Jawa Barat,Kabupaten Purwakarta,2023,data\raw\Data Penduduk BPS\Jawa Barat\Kabupaten Purwakarta\data_penduduk_kabupate_001.xlsx
Plered,87900.0,2791.0,1.0,1.39,8.36,Jawa Barat,Kabupaten Purwakarta,2023,data\raw\Data Penduduk BPS\Jawa Barat\Kabupaten Purwakarta\data_penduduk_kabupate_001.xlsx
Sukatani,81900.0,858.0,1.0,1.68,7.79,Jawa Barat,Kabupaten Purwakarta,2023,data\raw\Data Penduduk BPS\Jawa Barat\Kabupaten Purwakarta\data_penduduk_kabupate_001.xlsx
Darangdan,75000.0,1113.0,1.0,1.51,7.14,Jawa Barat,Kabupaten Purwakarta,2023,data\raw\Data Penduduk BPS\Jawa Barat\Kabupaten Purwakarta\data_penduduk_kabupate_001.xlsx
Bojong,56000.0,815.0,1.1,1.48,5.33,Jawa Barat,Kabupaten Purwakarta,2023,data\raw\Data Penduduk BPS\Jawa Barat\Kabupaten Purwakarta\data_penduduk_kabupate_001.xlsx
Wanayasa,44700.0,790.0,1.1,0.83,4.25,Jawa Barat,Kabupaten Purwakarta,2023,data\raw\Data Penduduk BPS\Jawa Barat\Kabupaten Purwakarta\data_penduduk_kabupate_001.xlsx
Kiarapedes,30200.0,579.0,1.1,1.65,2.87,Jawa Barat,Kabupaten Purwakarta,2023,data\raw\Data Penduduk BPS\Jawa Barat\Kabupaten Purwakarta\data_penduduk_kabupate_001.xlsx
Pasawahan,52900.0,1431.0,1.0,1.8,5.03,Jawa Barat,Kabupaten Purwakarta,2023,data\raw\Data Penduduk BPS\Jawa Barat\Kabupaten Purwakarta\data_penduduk_kabupate_001.xlsx
Pondok Salam,32300.0,733.0,1.0,1.33,3.08,Jawa Barat,Kabupaten Purwakarta,2023,data\raw\Data Penduduk BPS\Jawa Barat\Kabupaten Purwakarta\data_penduduk_kabupate_001.xlsx
Purwakarta,183000.0,7370.0,1.0,0.56,17.42,Jawa Barat,Kabupaten Purwakarta,2023,data\raw\Data Penduduk BPS\Jawa Barat\Kabupaten Purwakarta\data_penduduk_kabupate_001.xlsx
Babakancikao,64900.00000000001,1530.0,1.0,2.15,6.18,Jawa Barat,Kabupaten Purwakarta,2023,data\raw\Data Penduduk BPS\Jawa Barat\Kabupaten Purwakarta\data_penduduk_kabupate_001.xlsx
Campaka,54000.0,1239.0,1.0,1.89,5.14,Jawa Barat,Kabupaten Purwakarta,2023,data\raw\Data Penduduk BPS\Jawa Barat\Kabupaten Purwakarta\data_penduduk_kabupate_001.xlsx
Cibatu,32800.0,580.0,1.0,1.25,3.12,Jawa Barat,Kabupaten Purwakarta,2023,data\raw\Data Penduduk BPS\Jawa Barat\Kabupaten Purwakarta\data_penduduk_kabupate_001.xlsx
Bungursari,63900.0,1170.0,1.0,1.45,6.09,Jawa Barat,Kabupaten Purwakarta,2023,data\raw\Data Penduduk BPS\Jawa Barat\Kabupaten Purwakarta\data_penduduk_kabupate_001.xlsx
Purwakarta,1050300.0,1081.0,1.0,1.38,100.0,Jawa Barat,Kabupaten Purwakarta,2023,data\raw\Data Penduduk BPS\Jawa Barat\Kabupaten Purwakarta\data_penduduk_kabupate_001.xlsx
Sagalaherang,33700.0,606.0,102.4,1.88,2.04,Jawa Barat,Kabupaten Subang,2023,data\raw\Data Penduduk BPS\Jawa Barat\Kabupaten Subang\data_penduduk_kabupate_001.xlsx
Serangpanjang,26300.0,369.0,102.4,1.34,1.6,Jawa Barat,Kabupaten Subang,2023,data\raw\Data Penduduk BPS\Jawa Barat\Kabupaten Subang\data_penduduk_kabupate_001.xlsx
Jalancagak,50100.0,954.0,102.8,2.07,3.04,Jawa Barat,Kabupaten Subang,2023,data\raw\Data Penduduk BPS\Jawa Barat\Kabupaten Subang\data_penduduk_kabupate_001.xlsx
Ciater,30100.0,477.0,102.9,1.37,1.83,Jawa Barat,Kabupaten Subang,2023,data\raw\Data Penduduk BPS\Jawa Barat\Kabupaten Subang\data_penduduk_kabupate_001.xlsx
Cisalak,43000.0,434.0,103.1,1.53,2.61,Jawa Barat,Kabupaten Subang,2023,data\raw\Data Penduduk BPS\Jawa Barat\Kabupaten Subang\data_penduduk_kabupate_001.xlsx
Kasomalang,44200.0,893.0,103.1,1.51,2.68,Jawa Barat,Kabupaten Subang,2023,data\raw\Data Penduduk BPS\Jawa Barat\Kabupaten Subang\data_penduduk_kabupate_001.xlsx
Tanjungsiang,46200.0,733.0,102.3,1.3,2.8,Jawa Barat,Kabupaten Subang,2023,data\raw\Data Penduduk BPS\Jawa Barat\Kabupaten Subang\data_penduduk_kabupate_001.xlsx
Cijambe,42700.0,385.0,102.1,1.45,2.59,Jawa Barat,Kabupaten Subang,2023,data\raw\Data Penduduk BPS\Jawa Barat\Kabupaten Subang\data_penduduk_kabupate_001.xlsx
Cibogo,50000.0,774.0,99.6,2.32,3.03,Jawa Barat,Kabupaten Subang,2023,data\raw\Data Penduduk BPS\Jawa Barat\Kabupaten Subang\data_penduduk_kabupate_001.xlsx
Subang,143900.0,2.0,99.8,2.02,8.72,Jawa Barat,Kabupaten Subang,2023,data\raw\Data Penduduk BPS\Jawa Barat\Kabupaten Subang\data_penduduk_kabupate_001.xlsx
Kalijati,68400.0,759.0,99.6,1.69,4.14,Jawa Barat,Kabupaten Subang,2023,data\raw\Data Penduduk BPS\Jawa Barat\Kabupaten Subang\data_penduduk_kabupate_001.xlsx
Dawuan,42900.0,463.0,99.5,1.61,2.6,Jawa Barat,Kabupaten Subang,2023,data\raw\Data Penduduk BPS\Jawa Barat\Kabupaten Subang\data_penduduk_kabupate_001.xlsx
Cipeundeuy,50700.0,521.0,99.5,1.63,3.07,Jawa Barat,Kabupaten Subang,2023,data\raw\Data Penduduk BPS\Jawa Barat\Kabupaten Subang\data_penduduk_kabupate_001.xlsx
Pabuaran,65900.0,874.0,99.0,1.39,3.99,Jawa Barat,Kabupaten Subang,2023,data\raw\Data Penduduk BPS\Jawa Barat\Kabupaten Subang\data_penduduk_kabupate_001.xlsx
Patokbeusi,84100.0,915.0,99.1,1.33,5.1,Jawa Barat,Kabupaten Subang,2023,data\raw\Data Penduduk BPS\Jawa Barat\Kabupaten Subang\data_penduduk_kabupate_001.xlsx
Purwadadi,60500.0,775.0,101.2,1.04,3.67,Jawa Barat,Kabupaten Subang,2023,data\raw\Data Penduduk BPS\Jawa Barat\Kabupaten Subang\data_penduduk_kabupate_001.xlsx
Cikaum,51300.0,692.0,100.5,1.61,3.16,Jawa Barat,Kabupaten Subang,2023,data\raw\Data Penduduk BPS\Jawa Barat\Kabupaten Subang\data_penduduk_kabupate_001.xlsx
Pagaden,64099.99999999999,1.0,99.2,1.42,3.94,Jawa Barat,Kabupaten Subang,2023,data\raw\Data Penduduk BPS\Jawa Barat\Kabupaten Subang\data_penduduk_kabupate_001.xlsx
Pagaden Barat,35100.0,684.0,96.7,0.99,2.15,Jawa Barat,Kabupaten Subang,2023,data\raw\Data Penduduk BPS\Jawa Barat\Kabupaten Subang\data_penduduk_kabupate_001.xlsx
Cipunagara,65400.00000000001,625.0,99.6,1.52,4.03,Jawa Barat,Kabupaten Subang,2023,data\raw\Data Penduduk BPS\Jawa Barat\Kabupaten Subang\data_penduduk_kabupate_001.xlsx
Compreng,50100.0,677.0,99.9,1.82,3.09,Jawa Barat,Kabupaten Subang,2023,data\raw\Data Penduduk BPS\Jawa Barat\Kabupaten Subang\data_penduduk_kabupate_001.xlsx
Binong,47600.0,920.0,100.5,1.56,2.93,Jawa Barat,Kabupaten Subang,2023,data\raw\Data Penduduk BPS\Jawa Barat\Kabupaten Subang\data_penduduk_kabupate_001.xlsx
Tambakdahan,44500.0,709.0,97.1,1.51,2.74,Jawa Barat,Kabupaten Subang,2023,data\raw\Data Penduduk BPS\Jawa Barat\Kabupaten Subang\data_penduduk_kabupate_001.xlsx
Ciasem,112100.0,1.0,101.4,1.5,6.9,Jawa Barat,Kabupaten Subang,2023,data\raw\Data Penduduk BPS\Jawa Barat\Kabupaten Subang\data_penduduk_kabupate_001.xlsx
Pamanukan,59500.0,2.0,103.2,1.34,3.66,Jawa Barat,Kabupaten Subang,2023,data\raw\Data Penduduk BPS\Jawa Barat\Kabupaten Subang\data_penduduk_kabupate_001.xlsx
Sukasari,43000.0,730.0,99.9,1.39,2.64,Jawa Barat,Kabupaten Subang,2023,data\raw\Data Penduduk BPS\Jawa Barat\Kabupaten Subang\data_penduduk_kabupate_001.xlsx
Pusakanagara,44800.0,768.0,99.0,2.01,2.77,Jawa Barat,Kabupaten Subang,2023,data\raw\Data Penduduk BPS\Jawa Barat\Kabupaten Subang\data_penduduk_kabupate_001.xlsx
Pusakajaya,49100.0,947.0,99.1,1.48,3.02,Jawa Barat,Kabupaten Subang,2023,data\raw\Data Penduduk BPS\Jawa Barat\Kabupaten Subang\data_penduduk_kabupate_001.xlsx
Legonkulon,24300.0,386.0,100.6,1.62,1.5,Jawa Barat,Kabupaten Subang,2023,data\raw\Data Penduduk BPS\Jawa Barat\Kabupaten Subang\data_penduduk_kabupate_001.xlsx
Blanakan,65000.0,638.0,100.5,1.24,3.99,Jawa Barat,Kabupaten Subang,2023,data\raw\Data Penduduk BPS\Jawa Barat\Kabupaten Subang\data_penduduk_kabupate_001.xlsx
Subang,1624400.0,762.0,100.4,1.57,100.0,Jawa Barat,Kabupaten Subang,2023,data\raw\Data Penduduk BPS\Jawa Barat\Kabupaten Subang\data_penduduk_kabupate_001.xlsx
Ciemas,57400.0,188.0,103.1,0.98,2.05,Jawa Barat,Kabupaten Sukabumi,2023,data\raw\Data Penduduk BPS\Jawa Barat\Kabupaten Sukabumi\data_penduduk_kabupate_001.xlsx
Ciracap,57900.0,390.0,100.0,1.16,2.07,Jawa Barat,Kabupaten Sukabumi,2023,data\raw\Data Penduduk BPS\Jawa Barat\Kabupaten Sukabumi\data_penduduk_kabupate_001.xlsx
Waluran,31800.0,322.0,102.2,1.21,1.14,Jawa Barat,Kabupaten Sukabumi,2023,data\raw\Data Penduduk BPS\Jawa Barat\Kabupaten Sukabumi\data_penduduk_kabupate_001.xlsx
Surade,84000.0,704.0,99.6,0.79,3.0,Jawa Barat,Kabupaten Sukabumi,2023,data\raw\Data Penduduk BPS\Jawa Barat\Kabupaten Sukabumi\data_penduduk_kabupate_001.xlsx
Cibitung,30800.0,346.0,100.7,1.22,1.1,Jawa Barat,Kabupaten Sukabumi,2023,data\raw\Data Penduduk BPS\Jawa Barat\Kabupaten Sukabumi\data_penduduk_kabupate_001.xlsx
Jampang Kulon,48600.0,777.0,100.9,0.86,1.74,Jawa Barat,Kabupaten Sukabumi,2023,data\raw\Data Penduduk BPS\Jawa Barat\Kabupaten Sukabumi\data_penduduk_kabupate_001.xlsx
Cimanggu,27100.0,433.0,104.0,1.21,0.97,Jawa Barat,Kabupaten Sukabumi,2023,data\raw\Data Penduduk BPS\Jawa Barat\Kabupaten Sukabumi\data_penduduk_kabupate_001.xlsx
Kali Bunder,32700.0,380.0,106.5,1.05,1.17,Jawa Barat,Kabupaten Sukabumi,2023,data\raw\Data Penduduk BPS\Jawa Barat\Kabupaten Sukabumi\data_penduduk_kabupate_001.xlsx
Tegal Buleud,36900.0,144.0,100.4,0.34,1.32,Jawa Barat,Kabupaten Sukabumi,2023,data\raw\Data Penduduk BPS\Jawa Barat\Kabupaten Sukabumi\data_penduduk_kabupate_001.xlsx
Cidolog,17300.0,181.0,99.9,-0.54,0.62,Jawa Barat,Kabupaten Sukabumi,2023,data\raw\Data Penduduk BPS\Jawa Barat\Kabupaten Sukabumi\data_penduduk_kabupate_001.xlsx
Sagaranten,54100.0,479.0,99.8,0.64,1.93,Jawa Barat,Kabupaten Sukabumi,2023,data\raw\Data Penduduk BPS\Jawa Barat\Kabupaten Sukabumi\data_penduduk_kabupate_001.xlsx
Cidadap,19900.0,232.0,100.9,0.07,0.71,Jawa Barat,Kabupaten Sukabumi,2023,data\raw\Data Penduduk BPS\Jawa Barat\Kabupaten Sukabumi\data_penduduk_kabupate_001.xlsx
Curugkembar,31700.0,567.0,100.5,0.41,1.13,Jawa Barat,Kabupaten Sukabumi,2023,data\raw\Data Penduduk BPS\Jawa Barat\Kabupaten Sukabumi\data_penduduk_kabupate_001.xlsx
Pabuaran,45400.0,393.0,103.3,0.67,1.62,Jawa Barat,Kabupaten Sukabumi,2023,data\raw\Data Penduduk BPS\Jawa Barat\Kabupaten Sukabumi\data_penduduk_kabupate_001.xlsx
Lengkong,34200.0,233.0,103.5,0.83,1.22,Jawa Barat,Kabupaten Sukabumi,2023,data\raw\Data Penduduk BPS\Jawa Barat\Kabupaten Sukabumi\data_penduduk_kabupate_001.xlsx
Palabuhanratu,120100.0,1.0,103.6,1.32,4.28,Jawa Barat,Kabupaten Sukabumi,2023,data\raw\Data Penduduk BPS\Jawa Barat\Kabupaten Sukabumi\data_penduduk_kabupate_001.xlsx
Simpenan,60100.0,358.0,103.3,1.34,2.15,Jawa Barat,Kabupaten Sukabumi,2023,data\raw\Data Penduduk BPS\Jawa Barat\Kabupaten Sukabumi\data_penduduk_kabupate_001.xlsx
Warung Kiara,67500.0,710.0,105.2,1.21,2.41,Jawa Barat,Kabupaten Sukabumi,2023,data\raw\Data Penduduk BPS\Jawa Barat\Kabupaten Sukabumi\data_penduduk_kabupate_001.xlsx
Bantargadung,42600.0,560.0,105.6,1.09,1.52,Jawa Barat,Kabupaten Sukabumi,2023,data\raw\Data Penduduk BPS\Jawa Barat\Kabupaten Sukabumi\data_penduduk_kabupate_001.xlsx
Jampang Tengah,72300.0,364.0,101.9,0.66,2.58,Jawa Barat,Kabupaten Sukabumi,2023,data\raw\Data Penduduk BPS\Jawa Barat\Kabupaten Sukabumi\data_penduduk_kabupate_001.xlsx
Purabaya,45700.0,394.0,103.3,0.74,1.63,Jawa Barat,Kabupaten Sukabumi,2023,data\raw\Data Penduduk BPS\Jawa Barat\Kabupaten Sukabumi\data_penduduk_kabupate_001.xlsx
Cikembar,98100.0,1.0,101.2,1.28,3.5,Jawa Barat,Kabupaten Sukabumi,2023,data\raw\Data Penduduk BPS\Jawa Barat\Kabupaten Sukabumi\data_penduduk_kabupate_001.xlsx
Nyalindung,53400.0,512.0,101.0,0.73,1.91,Jawa Barat,Kabupaten Sukabumi,2023,data\raw\Data Penduduk BPS\Jawa Barat\Kabupaten Sukabumi\data_penduduk_kabupate_001.xlsx
Geger Bitung,43500.0,644.0,101.7,0.98,1.55,Jawa Barat,Kabupaten Sukabumi,2023,data\raw\Data Penduduk BPS\Jawa Barat\Kabupaten Sukabumi\data_penduduk_kabupate_001.xlsx
Sukaraja,98000.0,2.0,101.0,1.52,3.5,Jawa Barat,Kabupaten Sukabumi,2023,data\raw\Data Penduduk BPS\Jawa Barat\Kabupaten Sukabumi\data_penduduk_kabupate_001.xlsx
Kebonpedes,35100.0,3.0,98.7,1.66,1.25,Jawa Barat,Kabupaten Sukabumi,2023,data\raw\Data Penduduk BPS\Jawa Barat\Kabupaten Sukabumi\data_penduduk_kabupate_001.xlsx
Cireunghas,37100.0,1.0,99.9,0.91,1.32,Jawa Barat,Kabupaten Sukabumi,2023,data\raw\Data Penduduk BPS\Jawa Barat\Kabupaten Sukabumi\data_penduduk_kabupate_001.xlsx
Sukalarang,52600.0,2.0,97.9,1.42,1.88,Jawa Barat,Kabupaten Sukabumi,2023,data\raw\Data Penduduk BPS\Jawa Barat\Kabupaten Sukabumi\data_penduduk_kabupate_001.xlsx
Sukabumi,52300.0,2.0,102.5,0.54,1.87,Jawa Barat,Kabupaten Sukabumi,2023,data\raw\Data Penduduk BPS\Jawa Barat\Kabupaten Sukabumi\data_penduduk_kabupate_001.xlsx
Kadudampit,60400.0,862.0,104.2,1.03,2.15,Jawa Barat,Kabupaten Sukabumi,2023,data\raw\Data Penduduk BPS\Jawa Barat\Kabupaten Sukabumi\data_penduduk_kabupate_001.xlsx
Cisaat,132400.0,6.0,101.1,0.77,4.72,Jawa Barat,Kabupaten Sukabumi,2023,data\raw\Data Penduduk BPS\Jawa Barat\Kabupaten Sukabumi\data_penduduk_kabupate_001.xlsx
Gunungguruh,58600.0,2.0,100.8,1.16,2.09,Jawa Barat,Kabupaten Sukabumi,2023,data\raw\Data Penduduk BPS\Jawa Barat\Kabupaten Sukabumi\data_penduduk_kabupate_001.xlsx
Cibadak,124800.0,2.0,103.5,0.75,4.45,Jawa Barat,Kabupaten Sukabumi,2023,data\raw\Data Penduduk BPS\Jawa Barat\Kabupaten Sukabumi\data_penduduk_kabupate_001.xlsx
Cicantayan,62600.0,2.0,103.3,0.94,2.23,Jawa Barat,Kabupaten Sukabumi,2023,data\raw\Data Penduduk BPS\Jawa Barat\Kabupaten Sukabumi\data_penduduk_kabupate_001.xlsx
Caringin,52900.0,1.0,105.2,1.19,1.89,Jawa Barat,Kabupaten Sukabumi,2023,data\raw\Data Penduduk BPS\Jawa Barat\Kabupaten Sukabumi\data_penduduk_kabupate_001.xlsx
Nagrak,92800.0,1.0,103.5,0.98,3.31,Jawa Barat,Kabupaten Sukabumi,2023,data\raw\Data Penduduk BPS\Jawa Barat\Kabupaten Sukabumi\data_penduduk_kabupate_001.xlsx
Ciambar,44600.0,834.0,107.7,1.12,1.59,Jawa Barat,Kabupaten Sukabumi,2023,data\raw\Data Penduduk BPS\Jawa Barat\Kabupaten Sukabumi\data_penduduk_kabupate_001.xlsx
Cicurug,139000.0,3.0,104.3,0.53,4.96,Jawa Barat,Kabupaten Sukabumi,2023,data\raw\Data Penduduk BPS\Jawa Barat\Kabupaten Sukabumi\data_penduduk_kabupate_001.xlsx
Cidahu,77200.0,2.0,105.0,1.53,2.75,Jawa Barat,Kabupaten Sukabumi,2023,data\raw\Data Penduduk BPS\Jawa Barat\Kabupaten Sukabumi\data_penduduk_kabupate_001.xlsx
Parakan Salak,47200.0,1.0,105.0,1.02,1.68,Jawa Barat,Kabupaten Sukabumi,2023,data\raw\Data Penduduk BPS\Jawa Barat\Kabupaten Sukabumi\data_penduduk_kabupate_001.xlsx
Parung Kuda,79500.0,3.0,105.0,0.67,2.84,Jawa Barat,Kabupaten Sukabumi,2023,data\raw\Data Penduduk BPS\Jawa Barat\Kabupaten Sukabumi\data_penduduk_kabupate_001.xlsx
Bojong Genteng,41600.0,2.0,105.9,0.99,1.49,Jawa Barat,Kabupaten Sukabumi,2023,data\raw\Data Penduduk BPS\Jawa Barat\Kabupaten Sukabumi\data_penduduk_kabupate_001.xlsx
Kalapa Nunggal,54500.0,1.0,104.9,1.18,1.94,Jawa Barat,Kabupaten Sukabumi,2023,data\raw\Data Penduduk BPS\Jawa Barat\Kabupaten Sukabumi\data_penduduk_kabupate_001.xlsx
Cikidang,72000.0,464.0,107.4,1.62,2.57,Jawa Barat,Kabupaten Sukabumi,2023,data\raw\Data Penduduk BPS\Jawa Barat\Kabupaten Sukabumi\data_penduduk_kabupate_001.xlsx
Cisolok,79600.0,459.0,104.8,1.58,2.84,Jawa Barat,Kabupaten Sukabumi,2023,data\raw\Data Penduduk BPS\Jawa Barat\Kabupaten Sukabumi\data_penduduk_kabupate_001.xlsx
Cikakak,47100.0,417.0,106.1,1.44,1.68,Jawa Barat,Kabupaten Sukabumi,2023,data\raw\Data Penduduk BPS\Jawa Barat\Kabupaten Sukabumi\data_penduduk_kabupate_001.xlsx
Kabandungan,47500.0,348.0,104.2,1.59,1.7,Jawa Barat,Kabupaten Sukabumi,2023,data\raw\Data Penduduk BPS\Jawa Barat\Kabupaten Sukabumi\data_penduduk_kabupate_001.xlsx
Sukabumi,2800.0,673.0,102.9,1.02,100.0,Jawa Barat,Kabupaten Sukabumi,2023,data\raw\Data Penduduk BPS\Jawa Barat\Kabupaten Sukabumi\data_penduduk_kabupate_001.xlsx
Cipatujah,72000.0,292.0,102.0,,3.75,Jawa Barat,Kabupaten Tasikmalaya,2023,data\raw\Data Penduduk BPS\Jawa Barat\Kabupaten Tasikmalaya\data_penduduk_kabupate_001.xlsx
Karangnunggal,90000.0,660.0,102.0,,4.68,Jawa Barat,Kabupaten Tasikmalaya,2023,data\raw\Data Penduduk BPS\Jawa Barat\Kabupaten Tasikmalaya\data_penduduk_kabupate_001.xlsx
Cikalong,68900.0,494.0,102.0,,3.59,Jawa Barat,Kabupaten Tasikmalaya,2023,data\raw\Data Penduduk BPS\Jawa Barat\Kabupaten Tasikmalaya\data_penduduk_kabupate_001.xlsx
Pancatengah,50100.0,248.0,102.0,,2.61,Jawa Barat,Kabupaten Tasikmalaya,2023,data\raw\Data Penduduk BPS\Jawa Barat\Kabupaten Tasikmalaya\data_penduduk_kabupate_001.xlsx
Cikatomas,53400.0,402.0,103.0,,2.78,Jawa Barat,Kabupaten Tasikmalaya,2023,data\raw\Data Penduduk BPS\Jawa Barat\Kabupaten Tasikmalaya\data_penduduk_kabupate_001.xlsx
Cibalong,33600.0,574.0,100.0,,1.75,Jawa Barat,Kabupaten Tasikmalaya,2023,data\raw\Data Penduduk BPS\Jawa Barat\Kabupaten Tasikmalaya\data_penduduk_kabupate_001.xlsx
Parungponteng,37900.0,802.0,102.0,,1.97,Jawa Barat,Kabupaten Tasikmalaya,2023,data\raw\Data Penduduk BPS\Jawa Barat\Kabupaten Tasikmalaya\data_penduduk_kabupate_001.xlsx
Bantarkalong,38800.0,648.0,103.0,,2.02,Jawa Barat,Kabupaten Tasikmalaya,2023,data\raw\Data Penduduk BPS\Jawa Barat\Kabupaten Tasikmalaya\data_penduduk_kabupate_001.xlsx
Bojongasih,22500.0,582.0,105.0,,1.17,Jawa Barat,Kabupaten Tasikmalaya,2023,data\raw\Data Penduduk BPS\Jawa Barat\Kabupaten Tasikmalaya\data_penduduk_kabupate_001.xlsx
Culamega,27500.0,402.0,103.0,,1.43,Jawa Barat,Kabupaten Tasikmalaya,2023,data\raw\Data Penduduk BPS\Jawa Barat\Kabupaten Tasikmalaya\data_penduduk_kabupate_001.xlsx
Bojonggambir,44600.0,263.0,104.0,,2.32,Jawa Barat,Kabupaten Tasikmalaya,2023,data\raw\Data Penduduk BPS\Jawa Barat\Kabupaten Tasikmalaya\data_penduduk_kabupate_001.xlsx
Sodonghilir,71800.0,771.0,104.0,,3.73,Jawa Barat,Kabupaten Tasikmalaya,2023,data\raw\Data Penduduk BPS\Jawa Barat\Kabupaten Tasikmalaya\data_penduduk_kabupate_001.xlsx
Taraju,42700.0,764.0,101.0,,2.22,Jawa Barat,Kabupaten Tasikmalaya,2023,data\raw\Data Penduduk BPS\Jawa Barat\Kabupaten Tasikmalaya\data_penduduk_kabupate_001.xlsx
Salawu,65099.99999999999,1289.0,101.0,,3.39,Jawa Barat,Kabupaten Tasikmalaya,2023,data\raw\Data Penduduk BPS\Jawa Barat\Kabupaten Tasikmalaya\data_penduduk_kabupate_001.xlsx
Puspahiang,36300.0,1040.0,98.0,,1.89,Jawa Barat,Kabupaten Tasikmalaya,2023,data\raw\Data Penduduk BPS\Jawa Barat\Kabupaten Tasikmalaya\data_penduduk_kabupate_001.xlsx
Tanjungjaya,47900.0,1305.0,102.0,,2.49,Jawa Barat,Kabupaten Tasikmalaya,2023,data\raw\Data Penduduk BPS\Jawa Barat\Kabupaten Tasikmalaya\data_penduduk_kabupate_001.xlsx
Sukaraja,55500.0,1289.0,105.0,,2.89,Jawa Barat,Kabupaten Tasikmalaya,2023,data\raw\Data Penduduk BPS\Jawa Barat\Kabupaten Tasikmalaya\data_penduduk_kabupate_001.xlsx
Salopa,52000.0,427.0,103.0,,2.71,Jawa Barat,Kabupaten Tasikmalaya,2023,data\raw\Data Penduduk BPS\Jawa Barat\Kabupaten Tasikmalaya\data_penduduk_kabupate_001.xlsx
Jatiwaras,53800.0,733.0,104.0,,2.8,Jawa Barat,Kabupaten Tasikmalaya,2023,data\raw\Data Penduduk BPS\Jawa Barat\Kabupaten Tasikmalaya\data_penduduk_kabupate_001.xlsx
Cineam,34300.0,436.0,97.0,,1.79,Jawa Barat,Kabupaten Tasikmalaya,2023,data\raw\Data Penduduk BPS\Jawa Barat\Kabupaten Tasikmalaya\data_penduduk_kabupate_001.xlsx
Karangjaya,12800.0,267.0,103.0,,0.67,Jawa Barat,Kabupaten Tasikmalaya,2023,data\raw\Data Penduduk BPS\Jawa Barat\Kabupaten Tasikmalaya\data_penduduk_kabupate_001.xlsx
Manonjaya,66100.0,1677.0,102.0,,3.44,Jawa Barat,Kabupaten Tasikmalaya,2023,data\raw\Data Penduduk BPS\Jawa Barat\Kabupaten Tasikmalaya\data_penduduk_kabupate_001.xlsx
Gunungtanjung,32500.0,968.0,106.0,,1.69,Jawa Barat,Kabupaten Tasikmalaya,2023,data\raw\Data Penduduk BPS\Jawa Barat\Kabupaten Tasikmalaya\data_penduduk_kabupate_001.xlsx
Singaparna,75700.0,3051.0,103.0,,3.94,Jawa Barat,Kabupaten Tasikmalaya,2023,data\raw\Data Penduduk BPS\Jawa Barat\Kabupaten Tasikmalaya\data_penduduk_kabupate_001.xlsx
Sukarame,44600.0,2238.0,105.0,,2.32,Jawa Barat,Kabupaten Tasikmalaya,2023,data\raw\Data Penduduk BPS\Jawa Barat\Kabupaten Tasikmalaya\data_penduduk_kabupate_001.xlsx
Mangunreja,42400.0,1429.0,101.0,,2.2,Jawa Barat,Kabupaten Tasikmalaya,2023,data\raw\Data Penduduk BPS\Jawa Barat\Kabupaten Tasikmalaya\data_penduduk_kabupate_001.xlsx
Cigalontang,77300.0,645.0,104.0,,4.02,Jawa Barat,Kabupaten Tasikmalaya,2023,data\raw\Data Penduduk BPS\Jawa Barat\Kabupaten Tasikmalaya\data_penduduk_kabupate_001.xlsx
Leuwisari,42100.0,790.0,103.0,,2.19,Jawa Barat,Kabupaten Tasikmalaya,2023,data\raw\Data Penduduk BPS\Jawa Barat\Kabupaten Tasikmalaya\data_penduduk_kabupate_001.xlsx
Sariwangi,36500.0,735.0,106.0,,1.9,Jawa Barat,Kabupaten Tasikmalaya,2023,data\raw\Data Penduduk BPS\Jawa Barat\Kabupaten Tasikmalaya\data_penduduk_kabupate_001.xlsx
Padakembang,42700.0,1132.0,101.0,,2.22,Jawa Barat,Kabupaten Tasikmalaya,2023,data\raw\Data Penduduk BPS\Jawa Barat\Kabupaten Tasikmalaya\data_penduduk_kabupate_001.xlsx
Sukaratu,53400.0,934.0,105.0,,2.74,Jawa Barat,Kabupaten Tasikmalaya,2023,data\raw\Data Penduduk BPS\Jawa Barat\Kabupaten Tasikmalaya\data_penduduk_kabupate_001.xlsx
Cisayong,62100.0,1046.0,102.0,,3.23,Jawa Barat,Kabupaten Tasikmalaya,2023,data\raw\Data Penduduk BPS\Jawa Barat\Kabupaten Tasikmalaya\data_penduduk_kabupate_001.xlsx
Sukahening,32100.0,1129.0,98.0,,1.67,Jawa Barat,Kabupaten Tasikmalaya,2023,data\raw\Data Penduduk BPS\Jawa Barat\Kabupaten Tasikmalaya\data_penduduk_kabupate_001.xlsx
Rajapolah,53100.0,2477.0,104.0,,2.76,Jawa Barat,Kabupaten Tasikmalaya,2023,data\raw\Data Penduduk BPS\Jawa Barat\Kabupaten Tasikmalaya\data_penduduk_kabupate_001.xlsx
Jamanis,39200.0,1841.0,102.0,,2.04,Jawa Barat,Kabupaten Tasikmalaya,2023,data\raw\Data Penduduk BPS\Jawa Barat\Kabupaten Tasikmalaya\data_penduduk_kabupate_001.xlsx
Ciawi,67800.0,1496.0,101.0,,3.53,Jawa Barat,Kabupaten Tasikmalaya,2023,data\raw\Data Penduduk BPS\Jawa Barat\Kabupaten Tasikmalaya\data_penduduk_kabupate_001.xlsx
Kadipaten,41000.0,896.0,107.0,,2.13,Jawa Barat,Kabupaten Tasikmalaya,2023,data\raw\Data Penduduk BPS\Jawa Barat\Kabupaten Tasikmalaya\data_penduduk_kabupate_001.xlsx
Pagerageung,60100.0,901.0,102.0,,3.13,Jawa Barat,Kabupaten Tasikmalaya,2023,data\raw\Data Penduduk BPS\Jawa Barat\Kabupaten Tasikmalaya\data_penduduk_kabupate_001.xlsx
Sukaresik,42200.0,2373.0,102.0,,2.2,Jawa Barat,Kabupaten Tasikmalaya,2023,data\raw\Data Penduduk BPS\Jawa Barat\Kabupaten Tasikmalaya\data_penduduk_kabupate_001.xlsx
Tasikmalaya,1922100.0,710.0,103.0,,100.0,Jawa Barat,Kabupaten Tasikmalaya,2023,data\raw\Data Penduduk BPS\Jawa Barat\Kabupaten Tasikmalaya\data_penduduk_kabupate_001.xlsx
Bandung Kulon,138680000.0,21467.0,102.2,0.65,5.35,Jawa Barat,Kota Bandung,2023,data\raw\Data Penduduk BPS\Jawa Barat\Kota Bandung\data_penduduk_kabupate_001.xlsx
Babakan Ciparay,148721000.0,19963.0,104.1,1.3,5.74,Jawa Barat,Kota Bandung,2023,data\raw\Data Penduduk BPS\Jawa Barat\Kota Bandung\data_penduduk_kabupate_001.xlsx
Bojongloa Kaler,126385000.0,41711.0,102.9,0.52,4.88,Jawa Barat,Kota Bandung,2023,data\raw\Data Penduduk BPS\Jawa Barat\Kota Bandung\data_penduduk_kabupate_001.xlsx
Bojongloa Kidul,90030000.0,14382.0,102.4,0.9,3.47,Jawa Barat,Kota Bandung,2023,data\raw\Data Penduduk BPS\Jawa Barat\Kota Bandung\data_penduduk_kabupate_001.xlsx
Astanaanyar,73853000.0,25555.0,99.4,0.12,2.85,Jawa Barat,Kota Bandung,2023,data\raw\Data Penduduk BPS\Jawa Barat\Kota Bandung\data_penduduk_kabupate_001.xlsx
Regol,81706000.0,19001.0,98.4,0.36,3.15,Jawa Barat,Kota Bandung,2023,data\raw\Data Penduduk BPS\Jawa Barat\Kota Bandung\data_penduduk_kabupate_001.xlsx
Lengkong,71906000.0,12187.0,97.8,0.29,2.77,Jawa Barat,Kota Bandung,2023,data\raw\Data Penduduk BPS\Jawa Barat\Kota Bandung\data_penduduk_kabupate_001.xlsx
Bandung Kidul,63083000.0,10410.0,99.0,1.01,2.43,Jawa Barat,Kota Bandung,2023,data\raw\Data Penduduk BPS\Jawa Barat\Kota Bandung\data_penduduk_kabupate_001.xlsx
Buahbatu,108064000.0,13627.0,99.1,1.31,4.17,Jawa Barat,Kota Bandung,2023,data\raw\Data Penduduk BPS\Jawa Barat\Kota Bandung\data_penduduk_kabupate_001.xlsx
Rancasari,89756000.0,12245.0,98.4,1.43,3.46,Jawa Barat,Kota Bandung,2023,data\raw\Data Penduduk BPS\Jawa Barat\Kota Bandung\data_penduduk_kabupate_001.xlsx
Gedebage,44381000.0,4633.0,100.2,2.05,1.71,Jawa Barat,Kota Bandung,2023,data\raw\Data Penduduk BPS\Jawa Barat\Kota Bandung\data_penduduk_kabupate_001.xlsx
Cibiru,79452000.0,12572.0,102.8,1.72,3.07,Jawa Barat,Kota Bandung,2023,data\raw\Data Penduduk BPS\Jawa Barat\Kota Bandung\data_penduduk_kabupate_001.xlsx
Panyileukan,42059000.0,8247.0,98.8,1.23,1.62,Jawa Barat,Kota Bandung,2023,data\raw\Data Penduduk BPS\Jawa Barat\Kota Bandung\data_penduduk_kabupate_001.xlsx
Ujung Berung,94574000.0,14777.0,100.6,1.81,3.65,Jawa Barat,Kota Bandung,2023,data\raw\Data Penduduk BPS\Jawa Barat\Kota Bandung\data_penduduk_kabupate_001.xlsx
Cinambo,26649000.0,7242.0,103.2,1.27,1.03,Jawa Barat,Kota Bandung,2023,data\raw\Data Penduduk BPS\Jawa Barat\Kota Bandung\data_penduduk_kabupate_001.xlsx
Arcamanik,83843000.0,14283.0,99.6,1.89,3.23,Jawa Barat,Kota Bandung,2023,data\raw\Data Penduduk BPS\Jawa Barat\Kota Bandung\data_penduduk_kabupate_001.xlsx
Antapani,82350000.0,21728.0,98.4,0.88,3.18,Jawa Barat,Kota Bandung,2023,data\raw\Data Penduduk BPS\Jawa Barat\Kota Bandung\data_penduduk_kabupate_001.xlsx
Mandalajati,77170000.0,11570.0,101.0,1.7,2.98,Jawa Barat,Kota Bandung,2023,data\raw\Data Penduduk BPS\Jawa Barat\Kota Bandung\data_penduduk_kabupate_001.xlsx
Kiaracondong,133063000.0,21742.0,100.4,0.51,5.13,Jawa Barat,Kota Bandung,2023,data\raw\Data Penduduk BPS\Jawa Barat\Kota Bandung\data_penduduk_kabupate_001.xlsx
Batununggal,123327000.0,24518.0,100.6,0.53,4.76,Jawa Barat,Kota Bandung,2023,data\raw\Data Penduduk BPS\Jawa Barat\Kota Bandung\data_penduduk_kabupate_001.xlsx
Sumur Bandung,40415000.0,11887.0,100.2,1.89,1.56,Jawa Barat,Kota Bandung,2023,data\raw\Data Penduduk BPS\Jawa Barat\Kota Bandung\data_penduduk_kabupate_001.xlsx
Andir,99511000.0,26822.0,99.2,0.06,3.84,Jawa Barat,Kota Bandung,2023,data\raw\Data Penduduk BPS\Jawa Barat\Kota Bandung\data_penduduk_kabupate_001.xlsx
Cicendo,97830000.0,14261.0,100.6,0.52,3.77,Jawa Barat,Kota Bandung,2023,data\raw\Data Penduduk BPS\Jawa Barat\Kota Bandung\data_penduduk_kabupate_001.xlsx
Bandung Wetan,29409000.0,8675.0,98.6,0.62,1.13,Jawa Barat,Kota Bandung,2023,data\raw\Data Penduduk BPS\Jawa Barat\Kota Bandung\data_penduduk_kabupate_001.xlsx
Cibeunying Kidul,115537000.0,22007.0,100.0,0.65,4.46,Jawa Barat,Kota Bandung,2023,data\raw\Data Penduduk BPS\Jawa Barat\Kota Bandung\data_penduduk_kabupate_001.xlsx
Cibeunying Kaler,72440000.0,16098.0,98.2,0.76,2.8,Jawa Barat,Kota Bandung,2023,data\raw\Data Penduduk BPS\Jawa Barat\Kota Bandung\data_penduduk_kabupate_001.xlsx
Coblong,117941000.0,16046.0,99.8,0.78,4.55,Jawa Barat,Kota Bandung,2023,data\raw\Data Penduduk BPS\Jawa Barat\Kota Bandung\data_penduduk_kabupate_001.xlsx
Sukajadi,104604000.0,24327.0,99.8,0.54,4.04,Jawa Barat,Kota Bandung,2023,data\raw\Data Penduduk BPS\Jawa Barat\Kota Bandung\data_penduduk_kabupate_001.xlsx
Sukasari,78790000.0,12566.0,99.8,0.45,3.04,Jawa Barat,Kota Bandung,2023,data\raw\Data Penduduk BPS\Jawa Barat\Kota Bandung\data_penduduk_kabupate_001.xlsx
Cidadap,56234000.0,9204.0,102.4,1.02,2.17,Jawa Barat,Kota Bandung,2023,data\raw\Data Penduduk BPS\Jawa Barat\Kota Bandung\data_penduduk_kabupate_001.xlsx
Bandung,2591763000.0,15491.0,100.4,0.89,100.0,Jawa Barat,Kota Bandung,2023,data\raw\Data Penduduk BPS\Jawa Barat\Kota Bandung\data_penduduk_kabupate_001.xlsx
Pondokgede,253935000.0,14569.0,100.6,0.29,9.6,Jawa Barat,Kota Bekasi,2023,data\raw\Data Penduduk BPS\Jawa Barat\Kota Bekasi\data_penduduk_kabupate_001.xlsx
Jatisampurna,133237000.0,6599.0,101.2,1.95,5.04,Jawa Barat,Kota Bekasi,2023,data\raw\Data Penduduk BPS\Jawa Barat\Kota Bekasi\data_penduduk_kabupate_001.xlsx
Pondokmelati,132448000.0,12019.0,101.2,0.27,5.01,Jawa Barat,Kota Bekasi,2023,data\raw\Data Penduduk BPS\Jawa Barat\Kota Bekasi\data_penduduk_kabupate_001.xlsx
Jatiasih,270344000.0,11144.0,100.1,2.4,10.22,Jawa Barat,Kota Bekasi,2023,data\raw\Data Penduduk BPS\Jawa Barat\Kota Bekasi\data_penduduk_kabupate_001.xlsx
Bantargebang,112370000.0,5840.0,102.3,1.26,4.25,Jawa Barat,Kota Bekasi,2023,data\raw\Data Penduduk BPS\Jawa Barat\Kota Bekasi\data_penduduk_kabupate_001.xlsx
Mustikajaya,239726000.0,9682.0,102.7,3.14,9.07,Jawa Barat,Kota Bekasi,2023,data\raw\Data Penduduk BPS\Jawa Barat\Kota Bekasi\data_penduduk_kabupate_001.xlsx
Bekasi Timur,261795000.0,17882.0,98.8,0.49,9.9,Jawa Barat,Kota Bekasi,2023,data\raw\Data Penduduk BPS\Jawa Barat\Kota Bekasi\data_penduduk_kabupate_001.xlsx
Rawalumbu,226482000.0,13441.0,101.5,0.69,8.57,Jawa Barat,Kota Bekasi,2023,data\raw\Data Penduduk BPS\Jawa Barat\Kota Bekasi\data_penduduk_kabupate_001.xlsx
Bekasi Selatan,214400000.0,13561.0,99.0,0.45,8.11,Jawa Barat,Kota Bekasi,2023,data\raw\Data Penduduk BPS\Jawa Barat\Kota Bekasi\data_penduduk_kabupate_001.xlsx
Bekasi Barat,286309000.0,19215.0,99.6,0.44,10.83,Jawa Barat,Kota Bekasi,2023,data\raw\Data Penduduk BPS\Jawa Barat\Kota Bekasi\data_penduduk_kabupate_001.xlsx
Medan Satria,163069000.0,12344.0,103.5,0.16,6.17,Jawa Barat,Kota Bekasi,2023,data\raw\Data Penduduk BPS\Jawa Barat\Kota Bekasi\data_penduduk_kabupate_001.xlsx
Bekasi Utara,349943000.0,16816.0,102.2,1.01,13.24,Jawa Barat,Kota Bekasi,2023,data\raw\Data Penduduk BPS\Jawa Barat\Kota Bekasi\data_penduduk_kabupate_001.xlsx
Bekasi,2644058000.0,12406.0,100.9,1.04,100.0,Jawa Barat,Kota Bekasi,2023,data\raw\Data Penduduk BPS\Jawa Barat\Kota Bekasi\data_penduduk_kabupate_001.xlsx
Banjar,60400.0,2310.0,99.6,0.86,28.81,Jawa Barat,Kota Bekasi,2023,data\raw\Data Penduduk BPS\Jawa Barat\Kota Bekasi\data_penduduk_kabupate_002.xlsx
Purwaharja,25500.0,1483.0,101.5,1.43,12.16,Jawa Barat,Kota Bekasi,2023,data\raw\Data Penduduk BPS\Jawa Barat\Kota Bekasi\data_penduduk_kabupate_002.xlsx
Pataruman,63600.0,1175.0,100.4,0.98,30.32,Jawa Barat,Kota Bekasi,2023,data\raw\Data Penduduk BPS\Jawa Barat\Kota Bekasi\data_penduduk_kabupate_002.xlsx
Langensari,60200.0,1868.0,102.0,1.51,28.71,Jawa Barat,Kota Bekasi,2023,data\raw\Data Penduduk BPS\Jawa Barat\Kota Bekasi\data_penduduk_kabupate_002.xlsx
Banjar,209800.0,1617.0,100.8,1.15,100.0,Jawa Barat,Kota Bekasi,2023,data\raw\Data Penduduk BPS\Jawa Barat\Kota Bekasi\data_penduduk_kabupate_002.xlsx
Cimahi Selatan,252961000.0,14530.0,101.8,1.3,42.25,Jawa Barat,Kota Cimahi,2023,data\raw\Data Penduduk BPS\Jawa Barat\Kota Cimahi\data_penduduk_kabupate_001.xlsx
Cimahi Tengah,166928000.0,15329.0,101.6,0.84,27.88,Jawa Barat,Kota Cimahi,2023,data\raw\Data Penduduk BPS\Jawa Barat\Kota Cimahi\data_penduduk_kabupate_001.xlsx
Cimahi Utara,178809000.0,12655.0,101.4,2.06,29.87,Jawa Barat,Kota Cimahi,2023,data\raw\Data Penduduk BPS\Jawa Barat\Kota Cimahi\data_penduduk_kabupate_001.xlsx
Cimahi,598698000.0,14110.0,101.6,1.39,100.0,Jawa Barat,Kota Cimahi,2023,data\raw\Data Penduduk BPS\Jawa Barat\Kota Cimahi\data_penduduk_kabupate_001.xlsx
Sawangan,184900.0,7060.0,104.0,4.47,8.86,Jawa Barat,Kota Depok,2023,data\raw\Data Penduduk BPS\Jawa Barat\Kota Depok\data_penduduk_kabupate_001.xlsx
Bojongsari,139300.0,7220.0,103.0,3.63,6.68,Jawa Barat,Kota Depok,2023,data\raw\Data Penduduk BPS\Jawa Barat\Kota Depok\data_penduduk_kabupate_001.xlsx
Pancoran Mas,247900.0,13746.0,101.0,1.57,11.88,Jawa Barat,Kota Depok,2023,data\raw\Data Penduduk BPS\Jawa Barat\Kota Depok\data_penduduk_kabupate_001.xlsx
Cipayung,176000.0,15371.0,102.0,3.45,8.44,Jawa Barat,Kota Depok,2023,data\raw\Data Penduduk BPS\Jawa Barat\Kota Depok\data_penduduk_kabupate_001.xlsx
Sukmajaya,253800.0,14629.0,99.0,0.68,12.17,Jawa Barat,Kota Depok,2023,data\raw\Data Penduduk BPS\Jawa Barat\Kota Depok\data_penduduk_kabupate_001.xlsx
Cilodong,172600.0,10658.0,103.0,3.48,8.27,Jawa Barat,Kota Depok,2023,data\raw\Data Penduduk BPS\Jawa Barat\Kota Depok\data_penduduk_kabupate_001.xlsx
Cimanggis,252300.0,11689.0,103.0,0.12,12.09,Jawa Barat,Kota Depok,2023,data\raw\Data Penduduk BPS\Jawa Barat\Kota Depok\data_penduduk_kabupate_001.xlsx
Tapos,267600.0,8047.0,102.0,2.17,12.83,Jawa Barat,Kota Depok,2023,data\raw\Data Penduduk BPS\Jawa Barat\Kota Depok\data_penduduk_kabupate_001.xlsx
Beji,171800.0,11798.0,102.0,0.04,8.24,Jawa Barat,Kota Depok,2023,data\raw\Data Penduduk BPS\Jawa Barat\Kota Depok\data_penduduk_kabupate_001.xlsx
Limo,118500.0,10006.0,102.0,3.19,5.68,Jawa Barat,Kota Depok,2023,data\raw\Data Penduduk BPS\Jawa Barat\Kota Depok\data_penduduk_kabupate_001.xlsx
Cinere,101400.0,9607.0,100.0,-0.4,4.86,Jawa Barat,Kota Depok,2023,data\raw\Data Penduduk BPS\Jawa Barat\Kota Depok\data_penduduk_kabupate_001.xlsx
Depok,2085900.0,10415.0,102.0,1.92,100.0,Jawa Barat,Kota Depok,2023,data\raw\Data Penduduk BPS\Jawa Barat\Kota Depok\data_penduduk_kabupate_001.xlsx
Baros,41300.0,7405.0,103.2,2.45,11.3,Jawa Barat,Kota Sukabumi,2023,data\raw\Data Penduduk BPS\Jawa Barat\Kota Sukabumi\data_penduduk_kabupate_001.xlsx
Lembursitu,44700.0,4178.0,97.9,2.04,12.22,Jawa Barat,Kota Sukabumi,2023,data\raw\Data Penduduk BPS\Jawa Barat\Kota Sukabumi\data_penduduk_kabupate_001.xlsx
Cibeureum,49500.0,5421.0,102.0,2.6,13.53,Jawa Barat,Kota Sukabumi,2023,data\raw\Data Penduduk BPS\Jawa Barat\Kota Sukabumi\data_penduduk_kabupate_001.xlsx
Citamiang,55100.0,13769.0,100.9,1.02,15.07,Jawa Barat,Kota Sukabumi,2023,data\raw\Data Penduduk BPS\Jawa Barat\Kota Sukabumi\data_penduduk_kabupate_001.xlsx
Warudoyong,61300.0,8112.0,102.3,1.06,16.77,Jawa Barat,Kota Sukabumi,2023,data\raw\Data Penduduk BPS\Jawa Barat\Kota Sukabumi\data_penduduk_kabupate_001.xlsx
Gunung Puyuh,50000.0,9745.0,102.6,0.95,13.68,Jawa Barat,Kota Sukabumi,2023,data\raw\Data Penduduk BPS\Jawa Barat\Kota Sukabumi\data_penduduk_kabupate_001.xlsx
Cikole,63700.0,10270.0,98.5,0.79,17.43,Jawa Barat,Kota Sukabumi,2023,data\raw\Data Penduduk BPS\Jawa Barat\Kota Sukabumi\data_penduduk_kabupate_001.xlsx
Sukabumi,365700.0,7570.0,101.0,1.46,100.0,Jawa Barat,Kota Sukabumi,2023,data\raw\Data Penduduk BPS\Jawa Barat\Kota Sukabumi\data_penduduk_kabupate_001.xlsx
Kawalu,104900.0,2523.0,105.8,0.43,13.61,Jawa Barat,Kota Tasikmalaya,2023,data\raw\Data Penduduk BPS\Jawa Barat\Kota Tasikmalaya\data_penduduk_kabupate_001.xlsx
Tamansari,85000.0,2312.0,104.7,0.55,11.03,Jawa Barat,Kota Tasikmalaya,2023,data\raw\Data Penduduk BPS\Jawa Barat\Kota Tasikmalaya\data_penduduk_kabupate_001.xlsx
Cibeureum,74300.0,3993.0,102.7,0.43,9.64,Jawa Barat,Kota Tasikmalaya,2023,data\raw\Data Penduduk BPS\Jawa Barat\Kota Tasikmalaya\data_penduduk_kabupate_001.xlsx
Purbaratu,47500.0,3910.0,104.3,0.34,6.17,Jawa Barat,Kota Tasikmalaya,2023,data\raw\Data Penduduk BPS\Jawa Barat\Kota Tasikmalaya\data_penduduk_kabupate_001.xlsx
Tawang,65300.0,9463.0,100.5,0.18,8.47,Jawa Barat,Kota Tasikmalaya,2023,data\raw\Data Penduduk BPS\Jawa Barat\Kota Tasikmalaya\data_penduduk_kabupate_001.xlsx
Cihideung,75400.0,13839.0,101.8,0.2,9.78,Jawa Barat,Kota Tasikmalaya,2023,data\raw\Data Penduduk BPS\Jawa Barat\Kota Tasikmalaya\data_penduduk_kabupate_001.xlsx
Mangkubumi,104100.0,4306.0,103.0,0.38,13.5,Jawa Barat,Kota Tasikmalaya,2023,data\raw\Data Penduduk BPS\Jawa Barat\Kota Tasikmalaya\data_penduduk_kabupate_001.xlsx
Indihiang,62600.0,5746.0,102.1,0.44,8.12,Jawa Barat,Kota Tasikmalaya,2023,data\raw\Data Penduduk BPS\Jawa Barat\Kota Tasikmalaya\data_penduduk_kabupate_001.xlsx
Bungursari,65900.0,3749.0,103.6,0.59,8.55,Jawa Barat,Kota Tasikmalaya,2023,data\raw\Data Penduduk BPS\Jawa Barat\Kota Tasikmalaya\data_penduduk_kabupate_001.xlsx
Cipedes,85800.0,9493.0,103.8,0.25,11.13,Jawa Barat,Kota Tasikmalaya,2023,data\raw\Data Penduduk BPS\Jawa Barat\Kota Tasikmalaya\data_penduduk_kabupate_001.xlsx
Tasikmalaya,770800.0,4209.0,103.3,0.38,100.0,Jawa Barat,Kota Tasikmalaya,2023,data\raw\Data Penduduk BPS\Jawa Barat\Kota Tasikmalaya\data_penduduk_kabupate_001.xlsx
