grid_id,grid_lat,grid_lon,year,target_year,rf_prob,svm_prob,poisson_prob
-1.0_100.0,-1.0,100.0,2025,2026,0.24616619453083174,0.24271918607713733,0.7834989504447156
-1.0_101.0,-1.0,101.0,2025,2026,0.24616619453083174,0.24271918607713733,0.7834989504447156
-1.0_102.0,-1.0,102.0,2025,2026,0.24616619453083174,0.24271918607713733,0.7834989504447156
-1.0_103.0,-1.0,103.0,2025,2026,0.24616619453083174,0.24271918607713733,0.7834989504447156
-1.0_104.0,-1.0,104.0,2025,2026,0.24616619453083174,0.24271918607713733,0.7834989504447156
-1.0_105.0,-1.0,105.0,2025,2026,0.24616619453083174,0.24271918607713733,0.7834989504447156
-1.0_106.0,-1.0,106.0,2025,2026,0.24616619453083174,0.24271918607713733,0.7834989504447156
-1.0_107.0,-1.0,107.0,2025,2026,0.24616619453083174,0.24271918607713733,0.7834989504447156
-1.0_108.0,-1.0,108.0,2025,2026,0.24616619453083174,0.24271918607713733,0.7834989504447156
-1.0_109.0,-1.0,109.0,2025,2026,0.24616619453083174,0.24271918607713733,0.7834989504447156
-1.0_110.0,-1.0,110.0,2025,2026,0.24616619453083174,0.24271918607713733,0.7834989504447156
-1.0_111.0,-1.0,111.0,2025,2026,0.24616619453083174,0.24271918607713733,0.7834989504447156
-1.0_112.0,-1.0,112.0,2025,2026,0.24616619453083174,0.24271918607713733,0.7834989504447156
-1.0_113.0,-1.0,113.0,2025,2026,0.24616619453083174,0.24271918607713733,0.7834989504447156
-1.0_114.0,-1.0,114.0,2025,2026,0.24616619453083174,0.24271918607713733,0.7834989504447156
-1.0_115.0,-1.0,115.0,2025,2026,0.24616619453083174,0.24271918607713733,0.7834989504447156
-1.0_116.0,-1.0,116.0,2025,2026,0.24616619453083174,0.24271918607713733,0.7834989504447156
-1.0_117.0,-1.0,117.0,2025,2026,0.24616619453083174,0.24271918607713733,0.7834989504447156
-1.0_118.0,-1.0,118.0,2025,2026,0.24616619453083174,0.24271918607713733,0.7834989504447156
-1.0_119.0,-1.0,119.0,2025,2026,0.6627777777777777,0.685633471399007,0.7834989504447156
-1.0_120.0,-1.0,120.0,2025,2026,0.9575,0.6071816990315791,0.7834989504447156
-1.0_121.0,-1.0,121.0,2025,2026,0.24616619453083174,0.24271918607713733,0.7834989504447156
-1.0_122.0,-1.0,122.0,2025,2026,0.24616619453083174,0.24271918607713733,0.7834989504447156
-1.0_123.0,-1.0,123.0,2025,2026,0.905,0.7288061264351517,0.7834989504447156
-1.0_124.0,-1.0,124.0,2025,2026,0.29,0.7144600835840308,0.7834989504447156
-1.0_125.0,-1.0,125.0,2025,2026,0.56,0.720259711525907,0.7834989504447156
-1.0_126.0,-1.0,126.0,2025,2026,0.24616619453083174,0.24271918607713733,0.7834989504447156
-1.0_127.0,-1.0,127.0,2025,2026,0.24616619453083174,0.24271918607713733,0.7834989504447156
-1.0_128.0,-1.0,128.0,2025,2026,0.59524044011544,0.6778057135989721,0.7834989504447156
-1.0_129.0,-1.0,129.0,2025,2026,0.24616619453083174,0.24271918607713733,0.7834989504447156
-1.0_130.0,-1.0,130.0,2025,2026,0.24616619453083174,0.24271918607713733,0.7834989504447156
-1.0_131.0,-1.0,131.0,2025,2026,0.05156547619047618,0.696478513118712,0.7834989504447156
-1.0_132.0,-1.0,132.0,2025,2026,0.24616619453083174,0.24271918607713733,0.7834989504447156
-1.0_133.0,-1.0,133.0,2025,2026,0.24616619453083174,0.24271918607713733,0.7834989504447156
-1.0_134.0,-1.0,134.0,2025,2026,0.24616619453083174,0.24271918607713733,0.7834989504447156
-1.0_135.0,-1.0,135.0,2025,2026,0.24616619453083174,0.24271918607713733,0.7834989504447156
-1.0_137.0,-1.0,137.0,2025,2026,0.24616619453083174,0.24271918607713733,0.7834989504447156
-1.0_139.0,-1.0,139.0,2025,2026,0.24616619453083174,0.24271918607713733,0.7834989504447156
-1.0_95.0,-1.0,95.0,2025,2026,0.24616619453083174,0.24271918607713733,0.7834989504447156
-1.0_96.0,-1.0,96.0,2025,2026,0.24616619453083174,0.24271918607713733,0.7834989504447156
-1.0_97.0,-1.0,97.0,2025,2026,0.24616619453083174,0.24271918607713733,0.7834989504447156
-1.0_98.0,-1.0,98.0,2025,2026,0.73,0.6416328902745557,0.7834989504447156
-1.0_99.0,-1.0,99.0,2025,2026,0.365,0.7189437815528771,0.7834989504447156
-10.0_101.0,-10.0,101.0,2025,2026,0.24616619453083174,0.24271918607713733,0.7834989504447156
-10.0_102.0,-10.0,102.0,2025,2026,0.24616619453083174,0.24271918607713733,0.7834989504447156
-10.0_103.0,-10.0,103.0,2025,2026,0.24616619453083174,0.24271918607713733,0.7834989504447156
-10.0_104.0,-10.0,104.0,2025,2026,0.24616619453083174,0.24271918607713733,0.7834989504447156
-10.0_105.0,-10.0,105.0,2025,2026,0.24616619453083174,0.24271918607713733,0.7834989504447156
-10.0_106.0,-10.0,106.0,2025,2026,0.36,0.587649493913227,0.7834989504447156
-10.0_107.0,-10.0,107.0,2025,2026,0.24616619453083174,0.24271918607713733,0.7834989504447156
-10.0_108.0,-10.0,108.0,2025,2026,0.24616619453083174,0.24271918607713733,0.7834989504447156
-10.0_109.0,-10.0,109.0,2025,2026,0.24616619453083174,0.24271918607713733,0.7834989504447156
-10.0_110.0,-10.0,110.0,2025,2026,0.24616619453083174,0.24271918607713733,0.7834989504447156
-10.0_111.0,-10.0,111.0,2025,2026,0.24616619453083174,0.24271918607713733,0.7834989504447156
-10.0_112.0,-10.0,112.0,2025,2026,0.685,0.6973977684619662,0.7834989504447156
-10.0_113.0,-10.0,113.0,2025,2026,0.24616619453083174,0.24271918607713733,0.7834989504447156
-10.0_114.0,-10.0,114.0,2025,2026,0.696,0.7001933482562995,0.7834989504447156
-10.0_115.0,-10.0,115.0,2025,2026,0.24616619453083174,0.24271918607713733,0.7834989504447156
-10.0_116.0,-10.0,116.0,2025,2026,0.24616619453083174,0.24271918607713733,0.7834989504447156
-10.0_117.0,-10.0,117.0,2025,2026,0.24616619453083174,0.24271918607713733,0.7834989504447156
-10.0_118.0,-10.0,118.0,2025,2026,0.24616619453083174,0.24271918607713733,0.7834989504447156
-10.0_119.0,-10.0,119.0,2025,2026,0.87,0.6990363541525173,0.7834989504447156
-10.0_120.0,-10.0,120.0,2025,2026,0.57,0.6935737465084915,0.7834989504447156
-10.0_121.0,-10.0,121.0,2025,2026,0.19,0.6936479186240735,0.7834989504447156
-10.0_122.0,-10.0,122.0,2025,2026,0.24616619453083174,0.24271918607713733,0.7834989504447156
-10.0_123.0,-10.0,123.0,2025,2026,0.835,0.733627703473527,0.7834989504447156
-10.0_124.0,-10.0,124.0,2025,2026,0.545,0.6750079585529172,0.7834989504447156
-10.0_125.0,-10.0,125.0,2025,2026,0.24616619453083174,0.24271918607713733,0.7834989504447156
-10.0_126.0,-10.0,126.0,2025,2026,0.24616619453083174,0.24271918607713733,0.7834989504447156
-10.0_127.0,-10.0,127.0,2025,2026,0.24616619453083174,0.24271918607713733,0.7834989504447156
-10.0_128.0,-10.0,128.0,2025,2026,0.24616619453083174,0.24271918607713733,0.7834989504447156
-10.0_129.0,-10.0,129.0,2025,2026,0.24616619453083174,0.24271918607713733,0.7834989504447156
-10.0_130.0,-10.0,130.0,2025,2026,0.24616619453083174,0.24271918607713733,0.7834989504447156
-10.0_133.0,-10.0,133.0,2025,2026,0.24616619453083174,0.24271918607713733,0.7834989504447156
-10.0_135.0,-10.0,135.0,2025,2026,0.24616619453083174,0.24271918607713733,0.7834989504447156
-10.0_137.0,-10.0,137.0,2025,2026,0.24616619453083174,0.24271918607713733,0.7834989504447156
-10.0_139.0,-10.0,139.0,2025,2026,0.24616619453083174,0.24271918607713733,0.7834989504447156
-10.0_140.0,-10.0,140.0,2025,2026,0.24616619453083174,0.24271918607713733,0.7834989504447156
-10.0_95.0,-10.0,95.0,2025,2026,0.24616619453083174,0.24271918607713733,0.7834989504447156
-10.0_96.0,-10.0,96.0,2025,2026,0.24616619453083174,0.24271918607713733,0.7834989504447156
-10.0_97.0,-10.0,97.0,2025,2026,0.24616619453083174,0.24271918607713733,0.7834989504447156
-10.0_99.0,-10.0,99.0,2025,2026,0.24616619453083174,0.24271918607713733,0.7834989504447156
-11.0_100.0,-11.0,100.0,2025,2026,0.24616619453083174,0.24271918607713733,0.7834989504447156
-11.0_101.0,-11.0,101.0,2025,2026,0.24616619453083174,0.24271918607713733,0.7834989504447156
-11.0_102.0,-11.0,102.0,2025,2026,0.24616619453083174,0.24271918607713733,0.7834989504447156
-11.0_103.0,-11.0,103.0,2025,2026,0.24616619453083174,0.24271918607713733,0.7834989504447156
-11.0_104.0,-11.0,104.0,2025,2026,0.24616619453083174,0.24271918607713733,0.7834989504447156
-11.0_105.0,-11.0,105.0,2025,2026,0.24616619453083174,0.24271918607713733,0.7834989504447156
-11.0_106.0,-11.0,106.0,2025,2026,0.24616619453083174,0.24271918607713733,0.7834989504447156
-11.0_107.0,-11.0,107.0,2025,2026,0.24616619453083174,0.24271918607713733,0.7834989504447156
-11.0_108.0,-11.0,108.0,2025,2026,0.745,0.6086198165896276,0.7834989504447156
-11.0_109.0,-11.0,109.0,2025,2026,0.24616619453083174,0.24271918607713733,0.7834989504447156
-11.0_110.0,-11.0,110.0,2025,2026,0.2835357142857143,0.5708856686483349,0.7834989504447156
-11.0_111.0,-11.0,111.0,2025,2026,0.8302261904761906,0.5652582681959971,0.7834989504447156
-11.0_112.0,-11.0,112.0,2025,2026,0.24616619453083174,0.24271918607713733,0.7834989504447156
-11.0_113.0,-11.0,113.0,2025,2026,0.77,0.6661589701104184,0.7834989504447156
-11.0_114.0,-11.0,114.0,2025,2026,0.465,0.6652581586209791,0.7834989504447156
-11.0_115.0,-11.0,115.0,2025,2026,0.24616619453083174,0.24271918607713733,0.7834989504447156
-11.0_116.0,-11.0,116.0,2025,2026,0.1,0.6581416226215743,0.7834989504447156
-11.0_117.0,-11.0,117.0,2025,2026,0.24616619453083174,0.24271918607713733,0.7834989504447156
-11.0_118.0,-11.0,118.0,2025,2026,0.295,0.35784234450514013,0.7834989504447156
-11.0_119.0,-11.0,119.0,2025,2026,0.24616619453083174,0.24271918607713733,0.7834989504447156
-11.0_120.0,-11.0,120.0,2025,2026,0.44,0.6718945693180658,0.7834989504447156
-11.0_121.0,-11.0,121.0,2025,2026,0.24616619453083174,0.24271918607713733,0.7834989504447156
-11.0_122.0,-11.0,122.0,2025,2026,0.24616619453083174,0.24271918607713733,0.7834989504447156
-11.0_123.0,-11.0,123.0,2025,2026,0.955,0.7200113808242068,0.7834989504447156
-11.0_124.0,-11.0,124.0,2025,2026,0.24616619453083174,0.24271918607713733,0.7834989504447156
-11.0_125.0,-11.0,125.0,2025,2026,0.24616619453083174,0.24271918607713733,0.7834989504447156
-11.0_126.0,-11.0,126.0,2025,2026,0.24616619453083174,0.24271918607713733,0.7834989504447156
-11.0_129.0,-11.0,129.0,2025,2026,0.24616619453083174,0.24271918607713733,0.7834989504447156
-11.0_130.0,-11.0,130.0,2025,2026,0.24616619453083174,0.24271918607713733,0.7834989504447156
-11.0_132.0,-11.0,132.0,2025,2026,0.24616619453083174,0.24271918607713733,0.7834989504447156
-11.0_133.0,-11.0,133.0,2025,2026,0.24616619453083174,0.24271918607713733,0.7834989504447156
-11.0_139.0,-11.0,139.0,2025,2026,0.24616619453083174,0.24271918607713733,0.7834989504447156
-2.0_100.0,-2.0,100.0,2025,2026,0.24616619453083174,0.24271918607713733,0.7834989504447156
-2.0_101.0,-2.0,101.0,2025,2026,0.24616619453083174,0.24271918607713733,0.7834989504447156
-2.0_102.0,-2.0,102.0,2025,2026,0.24616619453083174,0.24271918607713733,0.7834989504447156
-2.0_103.0,-2.0,103.0,2025,2026,0.24616619453083174,0.24271918607713733,0.7834989504447156
-2.0_104.0,-2.0,104.0,2025,2026,0.24616619453083174,0.24271918607713733,0.7834989504447156
-2.0_105.0,-2.0,105.0,2025,2026,0.24616619453083174,0.24271918607713733,0.7834989504447156
-2.0_106.0,-2.0,106.0,2025,2026,0.24616619453083174,0.24271918607713733,0.7834989504447156
-2.0_107.0,-2.0,107.0,2025,2026,0.24616619453083174,0.24271918607713733,0.7834989504447156
-2.0_108.0,-2.0,108.0,2025,2026,0.24616619453083174,0.24271918607713733,0.7834989504447156
-2.0_109.0,-2.0,109.0,2025,2026,0.24616619453083174,0.24271918607713733,0.7834989504447156
-2.0_110.0,-2.0,110.0,2025,2026,0.24616619453083174,0.24271918607713733,0.7834989504447156
-2.0_111.0,-2.0,111.0,2025,2026,0.24616619453083174,0.24271918607713733,0.7834989504447156
-2.0_112.0,-2.0,112.0,2025,2026,0.24616619453083174,0.24271918607713733,0.7834989504447156
-2.0_113.0,-2.0,113.0,2025,2026,0.24616619453083174,0.24271918607713733,0.7834989504447156
-2.0_114.0,-2.0,114.0,2025,2026,0.24616619453083174,0.24271918607713733,0.7834989504447156
-2.0_115.0,-2.0,115.0,2025,2026,0.24616619453083174,0.24271918607713733,0.7834989504447156
-2.0_116.0,-2.0,116.0,2025,2026,0.24616619453083174,0.24271918607713733,0.7834989504447156
-2.0_117.0,-2.0,117.0,2025,2026,0.24616619453083174,0.24271918607713733,0.7834989504447156
-2.0_118.0,-2.0,118.0,2025,2026,0.24616619453083174,0.24271918607713733,0.7834989504447156
-2.0_119.0,-2.0,119.0,2025,2026,0.355,0.6729125072851537,0.7834989504447156
-2.0_120.0,-2.0,120.0,2025,2026,0.4635396825396827,0.42998596291390945,0.7834989504447156
-2.0_121.0,-2.0,121.0,2025,2026,0.24616619453083174,0.24271918607713733,0.7834989504447156
-2.0_122.0,-2.0,122.0,2025,2026,0.24616619453083174,0.24271918607713733,0.7834989504447156
-2.0_123.0,-2.0,123.0,2025,2026,0.6493174603174603,0.6808290363925348,0.7834989504447156
-2.0_124.0,-2.0,124.0,2025,2026,0.24616619453083174,0.24271918607713733,0.7834989504447156
-2.0_125.0,-2.0,125.0,2025,2026,0.24616619453083174,0.24271918607713733,0.7834989504447156
-2.0_126.0,-2.0,126.0,2025,2026,0.24616619453083174,0.24271918607713733,0.7834989504447156
-2.0_127.0,-2.0,127.0,2025,2026,0.5683405483405485,0.6895700835950664,0.7834989504447156
-2.0_128.0,-2.0,128.0,2025,2026,0.24616619453083174,0.24271918607713733,0.7834989504447156
-2.0_129.0,-2.0,129.0,2025,2026,0.21147222222222223,0.7048622798560572,0.7834989504447156
-2.0_130.0,-2.0,130.0,2025,2026,0.24616619453083174,0.24271918607713733,0.7834989504447156
-2.0_131.0,-2.0,131.0,2025,2026,0.24616619453083174,0.24271918607713733,0.7834989504447156
-2.0_133.0,-2.0,133.0,2025,2026,0.24616619453083174,0.24271918607713733,0.7834989504447156
-2.0_134.0,-2.0,134.0,2025,2026,0.5350238095238095,0.600736532313796,0.7834989504447156
-2.0_135.0,-2.0,135.0,2025,2026,0.24616619453083174,0.24271918607713733,0.7834989504447156
-2.0_136.0,-2.0,136.0,2025,2026,0.24616619453083174,0.24271918607713733,0.7834989504447156
-2.0_137.0,-2.0,137.0,2025,2026,0.33993452380952377,0.6731678710910607,0.7834989504447156
-2.0_138.0,-2.0,138.0,2025,2026,0.81,0.6898945170530552,0.7834989504447156
-2.0_139.0,-2.0,139.0,2025,2026,0.94,0.7140316787935459,0.7834989504447156
-2.0_140.0,-2.0,140.0,2025,2026,0.24616619453083174,0.24271918607713733,0.7834989504447156
-2.0_95.0,-2.0,95.0,2025,2026,0.885,0.7070075232427993,0.7834989504447156
-2.0_96.0,-2.0,96.0,2025,2026,0.0575,0.5606938895666288,0.7834989504447156
-2.0_97.0,-2.0,97.0,2025,2026,0.24616619453083174,0.24271918607713733,0.7834989504447156
-2.0_98.0,-2.0,98.0,2025,2026,0.24616619453083174,0.24271918607713733,0.7834989504447156
-2.0_99.0,-2.0,99.0,2025,2026,0.24616619453083174,0.24271918607713733,0.7834989504447156
-3.0_100.0,-3.0,100.0,2025,2026,0.5357142857142857,0.6586959648182772,0.7834989504447156
-3.0_101.0,-3.0,101.0,2025,2026,0.64,0.6954785948489612,0.7834989504447156
-3.0_102.0,-3.0,102.0,2025,2026,0.24616619453083174,0.24271918607713733,0.7834989504447156
-3.0_103.0,-3.0,103.0,2025,2026,0.24616619453083174,0.24271918607713733,0.7834989504447156
-3.0_104.0,-3.0,104.0,2025,2026,0.24616619453083174,0.24271918607713733,0.7834989504447156
-3.0_105.0,-3.0,105.0,2025,2026,0.24616619453083174,0.24271918607713733,0.7834989504447156
-3.0_106.0,-3.0,106.0,2025,2026,0.24616619453083174,0.24271918607713733,0.7834989504447156
-3.0_107.0,-3.0,107.0,2025,2026,0.24616619453083174,0.24271918607713733,0.7834989504447156
-3.0_108.0,-3.0,108.0,2025,2026,0.24616619453083174,0.24271918607713733,0.7834989504447156
-3.0_109.0,-3.0,109.0,2025,2026,0.24616619453083174,0.24271918607713733,0.7834989504447156
-3.0_110.0,-3.0,110.0,2025,2026,0.24616619453083174,0.24271918607713733,0.7834989504447156
-3.0_111.0,-3.0,111.0,2025,2026,0.24616619453083174,0.24271918607713733,0.7834989504447156
-3.0_112.0,-3.0,112.0,2025,2026,0.24616619453083174,0.24271918607713733,0.7834989504447156
-3.0_113.0,-3.0,113.0,2025,2026,0.24616619453083174,0.24271918607713733,0.7834989504447156
-3.0_114.0,-3.0,114.0,2025,2026,0.24616619453083174,0.24271918607713733,0.7834989504447156
-3.0_115.0,-3.0,115.0,2025,2026,0.24616619453083174,0.24271918607713733,0.7834989504447156
-3.0_116.0,-3.0,116.0,2025,2026,0.24616619453083174,0.24271918607713733,0.7834989504447156
-3.0_117.0,-3.0,117.0,2025,2026,0.24616619453083174,0.24271918607713733,0.7834989504447156
-3.0_118.0,-3.0,118.0,2025,2026,0.24616619453083174,0.24271918607713733,0.7834989504447156
-3.0_119.0,-3.0,119.0,2025,2026,0.24616619453083174,0.24271918607713733,0.7834989504447156
-3.0_120.0,-3.0,120.0,2025,2026,0.58,0.7116228691912608,0.7834989504447156
-3.0_121.0,-3.0,121.0,2025,2026,0.24616619453083174,0.24271918607713733,0.7834989504447156
-3.0_122.0,-3.0,122.0,2025,2026,0.7804166666666665,0.6958186393035372,0.7834989504447156
-3.0_123.0,-3.0,123.0,2025,2026,0.24616619453083174,0.24271918607713733,0.7834989504447156
-3.0_124.0,-3.0,124.0,2025,2026,0.24616619453083174,0.24271918607713733,0.7834989504447156
-3.0_125.0,-3.0,125.0,2025,2026,0.24616619453083174,0.24271918607713733,0.7834989504447156
-3.0_126.0,-3.0,126.0,2025,2026,0.8125,0.6883626573386793,0.7834989504447156
-3.0_127.0,-3.0,127.0,2025,2026,0.24616619453083174,0.24271918607713733,0.7834989504447156
-3.0_128.0,-3.0,128.0,2025,2026,0.12739484126984127,0.69187269220628,0.7834989504447156
-3.0_129.0,-3.0,129.0,2025,2026,0.895,0.7203865091619831,0.7834989504447156
-3.0_130.0,-3.0,130.0,2025,2026,0.24616619453083174,0.24271918607713733,0.7834989504447156
-3.0_131.0,-3.0,131.0,2025,2026,0.24616619453083174,0.24271918607713733,0.7834989504447156
-3.0_132.0,-3.0,132.0,2025,2026,0.24616619453083174,0.24271918607713733,0.7834989504447156
-3.0_133.0,-3.0,133.0,2025,2026,0.24616619453083174,0.24271918607713733,0.7834989504447156
-3.0_134.0,-3.0,134.0,2025,2026,0.24616619453083174,0.24271918607713733,0.7834989504447156
-3.0_135.0,-3.0,135.0,2025,2026,0.24616619453083174,0.24271918607713733,0.7834989504447156
-3.0_136.0,-3.0,136.0,2025,2026,0.74,0.7127400046057067,0.7834989504447156
-3.0_137.0,-3.0,137.0,2025,2026,0.7276666666666667,0.6534034080536398,0.7834989504447156
-3.0_138.0,-3.0,138.0,2025,2026,0.57,0.531057084524457,0.7834989504447156
-3.0_139.0,-3.0,139.0,2025,2026,0.985,0.7224436818090739,0.7834989504447156
-3.0_140.0,-3.0,140.0,2025,2026,0.016625,0.6618670543095708,0.7834989504447156
-3.0_141.0,-3.0,141.0,2025,2026,0.24616619453083174,0.24271918607713733,0.7834989504447156
-3.0_95.0,-3.0,95.0,2025,2026,0.24616619453083174,0.24271918607713733,0.7834989504447156
-3.0_96.0,-3.0,96.0,2025,2026,0.24616619453083174,0.24271918607713733,0.7834989504447156
-3.0_97.0,-3.0,97.0,2025,2026,0.24616619453083174,0.24271918607713733,0.7834989504447156
-3.0_98.0,-3.0,98.0,2025,2026,0.24616619453083174,0.24271918607713733,0.7834989504447156
-3.0_99.0,-3.0,99.0,2025,2026,0.24616619453083174,0.24271918607713733,0.7834989504447156
-4.0_100.0,-4.0,100.0,2025,2026,0.24616619453083174,0.24271918607713733,0.7834989504447156
-4.0_101.0,-4.0,101.0,2025,2026,0.68,0.7181404102905611,0.7834989504447156
-4.0_102.0,-4.0,102.0,2025,2026,0.345,0.6971678408366647,0.7834989504447156
-4.0_103.0,-4.0,103.0,2025,2026,0.24616619453083174,0.24271918607713733,0.7834989504447156
-4.0_104.0,-4.0,104.0,2025,2026,0.24616619453083174,0.24271918607713733,0.7834989504447156
-4.0_105.0,-4.0,105.0,2025,2026,0.24616619453083174,0.24271918607713733,0.7834989504447156
-4.0_106.0,-4.0,106.0,2025,2026,0.24616619453083174,0.24271918607713733,0.7834989504447156
-4.0_107.0,-4.0,107.0,2025,2026,0.24616619453083174,0.24271918607713733,0.7834989504447156
-4.0_108.0,-4.0,108.0,2025,2026,0.24616619453083174,0.24271918607713733,0.7834989504447156
-4.0_109.0,-4.0,109.0,2025,2026,0.24616619453083174,0.24271918607713733,0.7834989504447156
-4.0_110.0,-4.0,110.0,2025,2026,0.24616619453083174,0.24271918607713733,0.7834989504447156
-4.0_111.0,-4.0,111.0,2025,2026,0.24616619453083174,0.24271918607713733,0.7834989504447156
-4.0_112.0,-4.0,112.0,2025,2026,0.24616619453083174,0.24271918607713733,0.7834989504447156
-4.0_113.0,-4.0,113.0,2025,2026,0.24616619453083174,0.24271918607713733,0.7834989504447156
-4.0_114.0,-4.0,114.0,2025,2026,0.24616619453083174,0.24271918607713733,0.7834989504447156
-4.0_115.0,-4.0,115.0,2025,2026,0.24616619453083174,0.24271918607713733,0.7834989504447156
-4.0_116.0,-4.0,116.0,2025,2026,0.24616619453083174,0.24271918607713733,0.7834989504447156
-4.0_117.0,-4.0,117.0,2025,2026,0.24616619453083174,0.24271918607713733,0.7834989504447156
-4.0_118.0,-4.0,118.0,2025,2026,0.24616619453083174,0.24271918607713733,0.7834989504447156
-4.0_119.0,-4.0,119.0,2025,2026,0.24616619453083174,0.24271918607713733,0.7834989504447156
-4.0_120.0,-4.0,120.0,2025,2026,0.24616619453083174,0.24271918607713733,0.7834989504447156
-4.0_121.0,-4.0,121.0,2025,2026,0.24616619453083174,0.24271918607713733,0.7834989504447156
-4.0_122.0,-4.0,122.0,2025,2026,0.24616619453083174,0.24271918607713733,0.7834989504447156
-4.0_123.0,-4.0,123.0,2025,2026,0.24616619453083174,0.24271918607713733,0.7834989504447156
-4.0_124.0,-4.0,124.0,2025,2026,0.24616619453083174,0.24271918607713733,0.7834989504447156
-4.0_125.0,-4.0,125.0,2025,2026,0.7267321428571428,0.6765038287759264,0.7834989504447156
-4.0_126.0,-4.0,126.0,2025,2026,0.24616619453083174,0.24271918607713733,0.7834989504447156
-4.0_127.0,-4.0,127.0,2025,2026,0.926172619047619,0.6533864997584287,0.7834989504447156
-4.0_128.0,-4.0,128.0,2025,2026,0.46708333333333335,0.7049387853020218,0.7834989504447156
-4.0_129.0,-4.0,129.0,2025,2026,0.24616619453083174,0.24271918607713733,0.7834989504447156
-4.0_130.0,-4.0,130.0,2025,2026,0.24616619453083174,0.24271918607713733,0.7834989504447156
-4.0_131.0,-4.0,131.0,2025,2026,0.93,0.7132872328047535,0.7834989504447156
-4.0_132.0,-4.0,132.0,2025,2026,0.39791666666666664,0.6537098029064431,0.7834989504447156
-4.0_133.0,-4.0,133.0,2025,2026,0.24616619453083174,0.24271918607713733,0.7834989504447156
-4.0_134.0,-4.0,134.0,2025,2026,0.24616619453083174,0.24271918607713733,0.7834989504447156
-4.0_135.0,-4.0,135.0,2025,2026,0.43274999999999997,0.6479750431845854,0.7834989504447156
-4.0_136.0,-4.0,136.0,2025,2026,0.24616619453083174,0.24271918607713733,0.7834989504447156
-4.0_137.0,-4.0,137.0,2025,2026,0.24616619453083174,0.24271918607713733,0.7834989504447156
-4.0_138.0,-4.0,138.0,2025,2026,0.24616619453083174,0.24271918607713733,0.7834989504447156
-4.0_139.0,-4.0,139.0,2025,2026,0.705,0.7085417938166041,0.7834989504447156
-4.0_140.0,-4.0,140.0,2025,2026,0.76,0.6658955050965619,0.7834989504447156
-4.0_141.0,-4.0,141.0,2025,2026,0.24616619453083174,0.24271918607713733,0.7834989504447156
-4.0_95.0,-4.0,95.0,2025,2026,0.24616619453083174,0.24271918607713733,0.7834989504447156
-4.0_96.0,-4.0,96.0,2025,2026,0.24616619453083174,0.24271918607713733,0.7834989504447156
-4.0_97.0,-4.0,97.0,2025,2026,0.24616619453083174,0.24271918607713733,0.7834989504447156
-4.0_98.0,-4.0,98.0,2025,2026,0.24616619453083174,0.24271918607713733,0.7834989504447156
-4.0_99.0,-4.0,99.0,2025,2026,0.24616619453083174,0.24271918607713733,0.7834989504447156
-5.0_100.0,-5.0,100.0,2025,2026,0.24616619453083174,0.24271918607713733,0.7834989504447156
-5.0_101.0,-5.0,101.0,2025,2026,0.24616619453083174,0.24271918607713733,0.7834989504447156
-5.0_102.0,-5.0,102.0,2025,2026,0.845,0.7316444834645627,0.7834989504447156
-5.0_103.0,-5.0,103.0,2025,2026,0.24616619453083174,0.24271918607713733,0.7834989504447156
-5.0_104.0,-5.0,104.0,2025,2026,0.62,0.7019537536977868,0.7834989504447156
-5.0_105.0,-5.0,105.0,2025,2026,0.24616619453083174,0.24271918607713733,0.7834989504447156
-5.0_106.0,-5.0,106.0,2025,2026,0.24616619453083174,0.24271918607713733,0.7834989504447156
-5.0_107.0,-5.0,107.0,2025,2026,0.24616619453083174,0.24271918607713733,0.7834989504447156
-5.0_108.0,-5.0,108.0,2025,2026,0.24616619453083174,0.24271918607713733,0.7834989504447156
-5.0_109.0,-5.0,109.0,2025,2026,0.24616619453083174,0.24271918607713733,0.7834989504447156
-5.0_110.0,-5.0,110.0,2025,2026,0.24616619453083174,0.24271918607713733,0.7834989504447156
-5.0_111.0,-5.0,111.0,2025,2026,0.24616619453083174,0.24271918607713733,0.7834989504447156
-5.0_112.0,-5.0,112.0,2025,2026,0.24616619453083174,0.24271918607713733,0.7834989504447156
-5.0_113.0,-5.0,113.0,2025,2026,0.24616619453083174,0.24271918607713733,0.7834989504447156
-5.0_114.0,-5.0,114.0,2025,2026,0.24616619453083174,0.24271918607713733,0.7834989504447156
-5.0_115.0,-5.0,115.0,2025,2026,0.24616619453083174,0.24271918607713733,0.7834989504447156
-5.0_116.0,-5.0,116.0,2025,2026,0.24616619453083174,0.24271918607713733,0.7834989504447156
-5.0_117.0,-5.0,117.0,2025,2026,0.24616619453083174,0.24271918607713733,0.7834989504447156
-5.0_118.0,-5.0,118.0,2025,2026,0.24616619453083174,0.24271918607713733,0.7834989504447156
-5.0_119.0,-5.0,119.0,2025,2026,0.24616619453083174,0.24271918607713733,0.7834989504447156
-5.0_120.0,-5.0,120.0,2025,2026,0.24616619453083174,0.24271918607713733,0.7834989504447156
-5.0_121.0,-5.0,121.0,2025,2026,0.5747380952380953,0.611441880348456,0.7834989504447156
-5.0_122.0,-5.0,122.0,2025,2026,0.24616619453083174,0.24271918607713733,0.7834989504447156
-5.0_123.0,-5.0,123.0,2025,2026,0.24616619453083174,0.24271918607713733,0.7834989504447156
-5.0_124.0,-5.0,124.0,2025,2026,0.24616619453083174,0.24271918607713733,0.7834989504447156
-5.0_125.0,-5.0,125.0,2025,2026,0.24616619453083174,0.24271918607713733,0.7834989504447156
-5.0_126.0,-5.0,126.0,2025,2026,0.605,0.7167417233225983,0.7834989504447156
-5.0_127.0,-5.0,127.0,2025,2026,0.24616619453083174,0.24271918607713733,0.7834989504447156
-5.0_128.0,-5.0,128.0,2025,2026,0.24616619453083174,0.24271918607713733,0.7834989504447156
-5.0_129.0,-5.0,129.0,2025,2026,0.24616619453083174,0.24271918607713733,0.7834989504447156
-5.0_130.0,-5.0,130.0,2025,2026,0.24616619453083174,0.24271918607713733,0.7834989504447156
-5.0_131.0,-5.0,131.0,2025,2026,0.24616619453083174,0.24271918607713733,0.7834989504447156
-5.0_132.0,-5.0,132.0,2025,2026,0.19,0.5238798189179614,0.7834989504447156
-5.0_133.0,-5.0,133.0,2025,2026,0.2,0.5667097840847982,0.7834989504447156
-5.0_134.0,-5.0,134.0,2025,2026,0.94,0.7077102488014378,0.7834989504447156
-5.0_135.0,-5.0,135.0,2025,2026,0.24616619453083174,0.24271918607713733,0.7834989504447156
-5.0_136.0,-5.0,136.0,2025,2026,0.31,0.7137870550307672,0.7834989504447156
-5.0_137.0,-5.0,137.0,2025,2026,0.24616619453083174,0.24271918607713733,0.7834989504447156
-5.0_138.0,-5.0,138.0,2025,2026,0.24616619453083174,0.24271918607713733,0.7834989504447156
-5.0_139.0,-5.0,139.0,2025,2026,0.885,0.7284533760144385,0.7834989504447156
-5.0_140.0,-5.0,140.0,2025,2026,0.5475,0.6877546315991944,0.7834989504447156
-5.0_141.0,-5.0,141.0,2025,2026,0.24616619453083174,0.24271918607713733,0.7834989504447156
-5.0_95.0,-5.0,95.0,2025,2026,0.24616619453083174,0.24271918607713733,0.7834989504447156
-5.0_97.0,-5.0,97.0,2025,2026,0.24616619453083174,0.24271918607713733,0.7834989504447156
-5.0_98.0,-5.0,98.0,2025,2026,0.24616619453083174,0.24271918607713733,0.7834989504447156
-5.0_99.0,-5.0,99.0,2025,2026,0.24616619453083174,0.24271918607713733,0.7834989504447156
-6.0_100.0,-6.0,100.0,2025,2026,0.24616619453083174,0.24271918607713733,0.7834989504447156
-6.0_101.0,-6.0,101.0,2025,2026,0.24616619453083174,0.24271918607713733,0.7834989504447156
-6.0_102.0,-6.0,102.0,2025,2026,0.24616619453083174,0.24271918607713733,0.7834989504447156
-6.0_103.0,-6.0,103.0,2025,2026,0.24616619453083174,0.24271918607713733,0.7834989504447156
-6.0_104.0,-6.0,104.0,2025,2026,0.5130654761904762,0.6881474646956888,0.7834989504447156
-6.0_105.0,-6.0,105.0,2025,2026,0.24616619453083174,0.24271918607713733,0.7834989504447156
-6.0_106.0,-6.0,106.0,2025,2026,0.24616619453083174,0.24271918607713733,0.7834989504447156
-6.0_107.0,-6.0,107.0,2025,2026,0.24616619453083174,0.24271918607713733,0.7834989504447156
-6.0_108.0,-6.0,108.0,2025,2026,0.24616619453083174,0.24271918607713733,0.7834989504447156
-6.0_109.0,-6.0,109.0,2025,2026,0.24616619453083174,0.24271918607713733,0.7834989504447156
-6.0_110.0,-6.0,110.0,2025,2026,0.24616619453083174,0.24271918607713733,0.7834989504447156
-6.0_111.0,-6.0,111.0,2025,2026,0.24616619453083174,0.24271918607713733,0.7834989504447156
-6.0_112.0,-6.0,112.0,2025,2026,0.24616619453083174,0.24271918607713733,0.7834989504447156
-6.0_113.0,-6.0,113.0,2025,2026,0.24616619453083174,0.24271918607713733,0.7834989504447156
-6.0_114.0,-6.0,114.0,2025,2026,0.24616619453083174,0.24271918607713733,0.7834989504447156
-6.0_115.0,-6.0,115.0,2025,2026,0.24616619453083174,0.24271918607713733,0.7834989504447156
-6.0_116.0,-6.0,116.0,2025,2026,0.24616619453083174,0.24271918607713733,0.7834989504447156
-6.0_117.0,-6.0,117.0,2025,2026,0.24616619453083174,0.24271918607713733,0.7834989504447156
-6.0_118.0,-6.0,118.0,2025,2026,0.24616619453083174,0.24271918607713733,0.7834989504447156
-6.0_119.0,-6.0,119.0,2025,2026,0.24616619453083174,0.24271918607713733,0.7834989504447156
-6.0_120.0,-6.0,120.0,2025,2026,0.24616619453083174,0.24271918607713733,0.7834989504447156
-6.0_121.0,-6.0,121.0,2025,2026,0.24616619453083174,0.24271918607713733,0.7834989504447156
-6.0_122.0,-6.0,122.0,2025,2026,0.05156547619047618,0.696478513118712,0.7834989504447156
-6.0_123.0,-6.0,123.0,2025,2026,0.24616619453083174,0.24271918607713733,0.7834989504447156
-6.0_124.0,-6.0,124.0,2025,2026,0.24616619453083174,0.24271918607713733,0.7834989504447156
-6.0_125.0,-6.0,125.0,2025,2026,0.24616619453083174,0.24271918607713733,0.7834989504447156
-6.0_126.0,-6.0,126.0,2025,2026,0.24616619453083174,0.24271918607713733,0.7834989504447156
-6.0_127.0,-6.0,127.0,2025,2026,0.24616619453083174,0.24271918607713733,0.7834989504447156
-6.0_128.0,-6.0,128.0,2025,2026,0.24616619453083174,0.24271918607713733,0.7834989504447156
-6.0_129.0,-6.0,129.0,2025,2026,0.355,0.7021700305743472,0.7834989504447156
-6.0_130.0,-6.0,130.0,2025,2026,0.105,0.7046336396416794,0.7834989504447156
-6.0_131.0,-6.0,131.0,2025,2026,0.755,0.6665844087246697,0.7834989504447156
-6.0_132.0,-6.0,132.0,2025,2026,0.24616619453083174,0.24271918607713733,0.7834989504447156
-6.0_133.0,-6.0,133.0,2025,2026,0.34,0.5798977276884336,0.7834989504447156
-6.0_134.0,-6.0,134.0,2025,2026,0.24616619453083174,0.24271918607713733,0.7834989504447156
-6.0_135.0,-6.0,135.0,2025,2026,0.24616619453083174,0.24271918607713733,0.7834989504447156
-6.0_138.0,-6.0,138.0,2025,2026,0.24616619453083174,0.24271918607713733,0.7834989504447156
-6.0_140.0,-6.0,140.0,2025,2026,0.24616619453083174,0.24271918607713733,0.7834989504447156
-6.0_141.0,-6.0,141.0,2025,2026,0.24616619453083174,0.24271918607713733,0.7834989504447156
-6.0_96.0,-6.0,96.0,2025,2026,0.24616619453083174,0.24271918607713733,0.7834989504447156
-6.0_97.0,-6.0,97.0,2025,2026,0.24616619453083174,0.24271918607713733,0.7834989504447156
-6.0_98.0,-6.0,98.0,2025,2026,0.24616619453083174,0.24271918607713733,0.7834989504447156
-6.0_99.0,-6.0,99.0,2025,2026,0.24616619453083174,0.24271918607713733,0.7834989504447156
-7.0_100.0,-7.0,100.0,2025,2026,0.24616619453083174,0.24271918607713733,0.7834989504447156
-7.0_101.0,-7.0,101.0,2025,2026,0.24616619453083174,0.24271918607713733,0.7834989504447156
-7.0_102.0,-7.0,102.0,2025,2026,0.24050198412698404,0.6937560118992135,0.7834989504447156
-7.0_103.0,-7.0,103.0,2025,2026,0.715,0.7030826303562115,0.7834989504447156
-7.0_104.0,-7.0,104.0,2025,2026,0.46410714285714283,0.5123165129310058,0.7834989504447156
-7.0_105.0,-7.0,105.0,2025,2026,0.525,0.67226761933199,0.7834989504447156
-7.0_106.0,-7.0,106.0,2025,2026,0.295,0.7069726818634882,0.7834989504447156
-7.0_107.0,-7.0,107.0,2025,2026,0.7080348124098124,0.6756211809561484,0.7834989504447156
-7.0_108.0,-7.0,108.0,2025,2026,0.24616619453083174,0.24271918607713733,0.7834989504447156
-7.0_109.0,-7.0,109.0,2025,2026,0.24616619453083174,0.24271918607713733,0.7834989504447156
-7.0_110.0,-7.0,110.0,2025,2026,0.24616619453083174,0.24271918607713733,0.7834989504447156
-7.0_111.0,-7.0,111.0,2025,2026,0.24616619453083174,0.24271918607713733,0.7834989504447156
-7.0_112.0,-7.0,112.0,2025,2026,0.24616619453083174,0.24271918607713733,0.7834989504447156
-7.0_113.0,-7.0,113.0,2025,2026,0.24616619453083174,0.24271918607713733,0.7834989504447156
-7.0_114.0,-7.0,114.0,2025,2026,0.24616619453083174,0.24271918607713733,0.7834989504447156
-7.0_115.0,-7.0,115.0,2025,2026,0.24616619453083174,0.24271918607713733,0.7834989504447156
-7.0_116.0,-7.0,116.0,2025,2026,0.24616619453083174,0.24271918607713733,0.7834989504447156
-7.0_117.0,-7.0,117.0,2025,2026,0.24616619453083174,0.24271918607713733,0.7834989504447156
-7.0_118.0,-7.0,118.0,2025,2026,0.24616619453083174,0.24271918607713733,0.7834989504447156
-7.0_119.0,-7.0,119.0,2025,2026,0.24616619453083174,0.24271918607713733,0.7834989504447156
-7.0_120.0,-7.0,120.0,2025,2026,0.24616619453083174,0.24271918607713733,0.7834989504447156
-7.0_121.0,-7.0,121.0,2025,2026,0.32975,0.6628065450847905,0.7834989504447156
-7.0_122.0,-7.0,122.0,2025,2026,0.24616619453083174,0.24271918607713733,0.7834989504447156
-7.0_123.0,-7.0,123.0,2025,2026,0.24616619453083174,0.24271918607713733,0.7834989504447156
-7.0_124.0,-7.0,124.0,2025,2026,0.24616619453083174,0.24271918607713733,0.7834989504447156
-7.0_125.0,-7.0,125.0,2025,2026,0.505,0.5731595991265344,0.7834989504447156
-7.0_126.0,-7.0,126.0,2025,2026,0.58,0.7183493241627805,0.7834989504447156
-7.0_127.0,-7.0,127.0,2025,2026,0.51,0.7147213353889069,0.7834989504447156
-7.0_128.0,-7.0,128.0,2025,2026,0.85,0.6967536521123816,0.7834989504447156
-7.0_129.0,-7.0,129.0,2025,2026,0.895,0.7424008842933119,0.7834989504447156
-7.0_130.0,-7.0,130.0,2025,2026,1.0,0.7166900819202129,0.7834989504447156
-7.0_131.0,-7.0,131.0,2025,2026,0.915,0.7204676719028119,0.7834989504447156
-7.0_132.0,-7.0,132.0,2025,2026,0.78,0.7074920021259535,0.7834989504447156
-7.0_133.0,-7.0,133.0,2025,2026,0.31,0.661731587349653,0.7834989504447156
-7.0_137.0,-7.0,137.0,2025,2026,0.24616619453083174,0.24271918607713733,0.7834989504447156
-7.0_95.0,-7.0,95.0,2025,2026,0.24616619453083174,0.24271918607713733,0.7834989504447156
-7.0_96.0,-7.0,96.0,2025,2026,0.24616619453083174,0.24271918607713733,0.7834989504447156
-7.0_97.0,-7.0,97.0,2025,2026,0.24616619453083174,0.24271918607713733,0.7834989504447156
-7.0_98.0,-7.0,98.0,2025,2026,0.24616619453083174,0.24271918607713733,0.7834989504447156
-7.0_99.0,-7.0,99.0,2025,2026,0.24616619453083174,0.24271918607713733,0.7834989504447156
-8.0_101.0,-8.0,101.0,2025,2026,0.24616619453083174,0.24271918607713733,0.7834989504447156
-8.0_102.0,-8.0,102.0,2025,2026,0.034190476190476195,0.5787796206063345,0.7834989504447156
-8.0_103.0,-8.0,103.0,2025,2026,0.24616619453083174,0.24271918607713733,0.7834989504447156
-8.0_104.0,-8.0,104.0,2025,2026,0.24616619453083174,0.24271918607713733,0.7834989504447156
-8.0_105.0,-8.0,105.0,2025,2026,0.24616619453083174,0.24271918607713733,0.7834989504447156
-8.0_106.0,-8.0,106.0,2025,2026,0.8166666666666665,0.7144267368388071,0.7834989504447156
-8.0_107.0,-8.0,107.0,2025,2026,0.6556349206349207,0.7005826990249339,0.7834989504447156
-8.0_108.0,-8.0,108.0,2025,2026,0.24616619453083174,0.24271918607713733,0.7834989504447156
-8.0_109.0,-8.0,109.0,2025,2026,0.24616619453083174,0.24271918607713733,0.7834989504447156
-8.0_110.0,-8.0,110.0,2025,2026,0.24616619453083174,0.24271918607713733,0.7834989504447156
-8.0_111.0,-8.0,111.0,2025,2026,0.24616619453083174,0.24271918607713733,0.7834989504447156
-8.0_112.0,-8.0,112.0,2025,2026,0.24616619453083174,0.24271918607713733,0.7834989504447156
-8.0_113.0,-8.0,113.0,2025,2026,0.24616619453083174,0.24271918607713733,0.7834989504447156
-8.0_114.0,-8.0,114.0,2025,2026,0.805,0.5963769754635755,0.7834989504447156
-8.0_115.0,-8.0,115.0,2025,2026,0.24616619453083174,0.24271918607713733,0.7834989504447156
-8.0_116.0,-8.0,116.0,2025,2026,0.24616619453083174,0.24271918607713733,0.7834989504447156
-8.0_117.0,-8.0,117.0,2025,2026,0.78,0.7042598267548282,0.7834989504447156
-8.0_118.0,-8.0,118.0,2025,2026,0.24616619453083174,0.24271918607713733,0.7834989504447156
-8.0_119.0,-8.0,119.0,2025,2026,0.24616619453083174,0.24271918607713733,0.7834989504447156
-8.0_120.0,-8.0,120.0,2025,2026,0.99,0.6889127086893232,0.7834989504447156
-8.0_121.0,-8.0,121.0,2025,2026,0.24616619453083174,0.24271918607713733,0.7834989504447156
-8.0_122.0,-8.0,122.0,2025,2026,0.04,0.6364147676170147,0.7834989504447156
-8.0_123.0,-8.0,123.0,2025,2026,0.24616619453083174,0.24271918607713733,0.7834989504447156
-8.0_124.0,-8.0,124.0,2025,2026,0.24616619453083174,0.24271918607713733,0.7834989504447156
-8.0_125.0,-8.0,125.0,2025,2026,0.7133452380952382,0.6749391685983441,0.7834989504447156
-8.0_126.0,-8.0,126.0,2025,2026,0.565,0.7043545337815262,0.7834989504447156
-8.0_127.0,-8.0,127.0,2025,2026,0.87,0.7202116020022546,0.7834989504447156
-8.0_128.0,-8.0,128.0,2025,2026,0.985,0.719808560096631,0.7834989504447156
-8.0_129.0,-8.0,129.0,2025,2026,0.96,0.7223238979680412,0.7834989504447156
-8.0_130.0,-8.0,130.0,2025,2026,0.6383333333333333,0.6572104722169463,0.7834989504447156
-8.0_131.0,-8.0,131.0,2025,2026,0.24616619453083174,0.24271918607713733,0.7834989504447156
-8.0_132.0,-8.0,132.0,2025,2026,0.24616619453083174,0.24271918607713733,0.7834989504447156
-8.0_133.0,-8.0,133.0,2025,2026,0.24616619453083174,0.24271918607713733,0.7834989504447156
-8.0_135.0,-8.0,135.0,2025,2026,0.24616619453083174,0.24271918607713733,0.7834989504447156
-8.0_138.0,-8.0,138.0,2025,2026,0.24616619453083174,0.24271918607713733,0.7834989504447156
-8.0_140.0,-8.0,140.0,2025,2026,0.24616619453083174,0.24271918607713733,0.7834989504447156
-8.0_95.0,-8.0,95.0,2025,2026,0.24616619453083174,0.24271918607713733,0.7834989504447156
-8.0_97.0,-8.0,97.0,2025,2026,0.24616619453083174,0.24271918607713733,0.7834989504447156
-8.0_98.0,-8.0,98.0,2025,2026,0.24616619453083174,0.24271918607713733,0.7834989504447156
-8.0_99.0,-8.0,99.0,2025,2026,0.24616619453083174,0.24271918607713733,0.7834989504447156
-9.0_100.0,-9.0,100.0,2025,2026,0.24616619453083174,0.24271918607713733,0.7834989504447156
-9.0_101.0,-9.0,101.0,2025,2026,0.24616619453083174,0.24271918607713733,0.7834989504447156
-9.0_102.0,-9.0,102.0,2025,2026,0.24616619453083174,0.24271918607713733,0.7834989504447156
-9.0_103.0,-9.0,103.0,2025,2026,0.24616619453083174,0.24271918607713733,0.7834989504447156
-9.0_104.0,-9.0,104.0,2025,2026,0.24616619453083174,0.24271918607713733,0.7834989504447156
-9.0_105.0,-9.0,105.0,2025,2026,0.24616619453083174,0.24271918607713733,0.7834989504447156
-9.0_106.0,-9.0,106.0,2025,2026,0.32375,0.5722600331997825,0.7834989504447156
-9.0_107.0,-9.0,107.0,2025,2026,0.43246428571428597,0.6404274445750051,0.7834989504447156
-9.0_108.0,-9.0,108.0,2025,2026,0.56,0.7226846041461867,0.7834989504447156
-9.0_109.0,-9.0,109.0,2025,2026,0.24616619453083174,0.24271918607713733,0.7834989504447156
-9.0_110.0,-9.0,110.0,2025,2026,0.62,0.6930032622799421,0.7834989504447156
-9.0_111.0,-9.0,111.0,2025,2026,0.24616619453083174,0.24271918607713733,0.7834989504447156
-9.0_112.0,-9.0,112.0,2025,2026,0.24616619453083174,0.24271918607713733,0.7834989504447156
-9.0_113.0,-9.0,113.0,2025,2026,0.24616619453083174,0.24271918607713733,0.7834989504447156
-9.0_114.0,-9.0,114.0,2025,2026,0.24616619453083174,0.24271918607713733,0.7834989504447156
-9.0_115.0,-9.0,115.0,2025,2026,0.24616619453083174,0.24271918607713733,0.7834989504447156
-9.0_116.0,-9.0,116.0,2025,2026,0.615,0.7187131159501381,0.7834989504447156
-9.0_117.0,-9.0,117.0,2025,2026,0.66,0.7013933212629686,0.7834989504447156
-9.0_118.0,-9.0,118.0,2025,2026,0.435,0.7217138789178668,0.7834989504447156
-9.0_119.0,-9.0,119.0,2025,2026,0.24616619453083174,0.24271918607713733,0.7834989504447156
-9.0_120.0,-9.0,120.0,2025,2026,0.96,0.6987030837671376,0.7834989504447156
-9.0_121.0,-9.0,121.0,2025,2026,0.24616619453083174,0.24271918607713733,0.7834989504447156
-9.0_122.0,-9.0,122.0,2025,2026,0.24616619453083174,0.24271918607713733,0.7834989504447156
-9.0_123.0,-9.0,123.0,2025,2026,0.42,0.7198086226630321,0.7834989504447156
-9.0_124.0,-9.0,124.0,2025,2026,0.925,0.719292129538873,0.7834989504447156
-9.0_125.0,-9.0,125.0,2025,2026,0.24616619453083174,0.24271918607713733,0.7834989504447156
-9.0_126.0,-9.0,126.0,2025,2026,0.24616619453083174,0.24271918607713733,0.7834989504447156
-9.0_127.0,-9.0,127.0,2025,2026,0.7632222222222222,0.6992736750597618,0.7834989504447156
-9.0_128.0,-9.0,128.0,2025,2026,0.5102023809523808,0.6747275304153834,0.7834989504447156
-9.0_129.0,-9.0,129.0,2025,2026,0.24616619453083174,0.24271918607713733,0.7834989504447156
-9.0_130.0,-9.0,130.0,2025,2026,0.24616619453083174,0.24271918607713733,0.7834989504447156
-9.0_131.0,-9.0,131.0,2025,2026,0.24616619453083174,0.24271918607713733,0.7834989504447156
-9.0_134.0,-9.0,134.0,2025,2026,0.24616619453083174,0.24271918607713733,0.7834989504447156
-9.0_135.0,-9.0,135.0,2025,2026,0.24616619453083174,0.24271918607713733,0.7834989504447156
-9.0_137.0,-9.0,137.0,2025,2026,0.24616619453083174,0.24271918607713733,0.7834989504447156
-9.0_95.0,-9.0,95.0,2025,2026,0.24616619453083174,0.24271918607713733,0.7834989504447156
-9.0_97.0,-9.0,97.0,2025,2026,0.24616619453083174,0.24271918607713733,0.7834989504447156
-9.0_98.0,-9.0,98.0,2025,2026,0.24616619453083174,0.24271918607713733,0.7834989504447156
-9.0_99.0,-9.0,99.0,2025,2026,0.24616619453083174,0.24271918607713733,0.7834989504447156
0.0_100.0,0.0,100.0,2025,2026,0.24616619453083174,0.24271918607713733,0.7834989504447156
0.0_101.0,0.0,101.0,2025,2026,0.24616619453083174,0.24271918607713733,0.7834989504447156
0.0_102.0,0.0,102.0,2025,2026,0.24616619453083174,0.24271918607713733,0.7834989504447156
0.0_103.0,0.0,103.0,2025,2026,0.24616619453083174,0.24271918607713733,0.7834989504447156
0.0_104.0,0.0,104.0,2025,2026,0.24616619453083174,0.24271918607713733,0.7834989504447156
0.0_105.0,0.0,105.0,2025,2026,0.24616619453083174,0.24271918607713733,0.7834989504447156
0.0_106.0,0.0,106.0,2025,2026,0.24616619453083174,0.24271918607713733,0.7834989504447156
0.0_107.0,0.0,107.0,2025,2026,0.24616619453083174,0.24271918607713733,0.7834989504447156
0.0_108.0,0.0,108.0,2025,2026,0.24616619453083174,0.24271918607713733,0.7834989504447156
0.0_109.0,0.0,109.0,2025,2026,0.24616619453083174,0.24271918607713733,0.7834989504447156
0.0_110.0,0.0,110.0,2025,2026,0.24616619453083174,0.24271918607713733,0.7834989504447156
0.0_111.0,0.0,111.0,2025,2026,0.24616619453083174,0.24271918607713733,0.7834989504447156
0.0_112.0,0.0,112.0,2025,2026,0.24616619453083174,0.24271918607713733,0.7834989504447156
0.0_113.0,0.0,113.0,2025,2026,0.24616619453083174,0.24271918607713733,0.7834989504447156
0.0_114.0,0.0,114.0,2025,2026,0.24616619453083174,0.24271918607713733,0.7834989504447156
0.0_115.0,0.0,115.0,2025,2026,0.24616619453083174,0.24271918607713733,0.7834989504447156
0.0_116.0,0.0,116.0,2025,2026,0.24616619453083174,0.24271918607713733,0.7834989504447156
0.0_117.0,0.0,117.0,2025,2026,0.24616619453083174,0.24271918607713733,0.7834989504447156
0.0_118.0,0.0,118.0,2025,2026,0.24616619453083174,0.24271918607713733,0.7834989504447156
0.0_119.0,0.0,119.0,2025,2026,0.24616619453083174,0.24271918607713733,0.7834989504447156
0.0_120.0,0.0,120.0,2025,2026,0.24616619453083174,0.24271918607713733,0.7834989504447156
0.0_121.0,0.0,121.0,2025,2026,0.66,0.7226647171830622,0.7834989504447156
0.0_122.0,0.0,122.0,2025,2026,0.595,0.6916625426198951,0.7834989504447156
0.0_123.0,0.0,123.0,2025,2026,0.24616619453083174,0.24271918607713733,0.7834989504447156
0.0_124.0,0.0,124.0,2025,2026,0.56,0.7094009155217331,0.7834989504447156
0.0_125.0,0.0,125.0,2025,2026,0.24616619453083174,0.24271918607713733,0.7834989504447156
0.0_126.0,0.0,126.0,2025,2026,0.337,0.6929649653815961,0.7834989504447156
0.0_127.0,0.0,127.0,2025,2026,0.24616619453083174,0.24271918607713733,0.7834989504447156
0.0_128.0,0.0,128.0,2025,2026,0.24616619453083174,0.24271918607713733,0.7834989504447156
0.0_129.0,0.0,129.0,2025,2026,0.24616619453083174,0.24271918607713733,0.7834989504447156
0.0_131.0,0.0,131.0,2025,2026,0.24616619453083174,0.24271918607713733,0.7834989504447156
0.0_132.0,0.0,132.0,2025,2026,0.24616619453083174,0.24271918607713733,0.7834989504447156
0.0_133.0,0.0,133.0,2025,2026,0.24616619453083174,0.24271918607713733,0.7834989504447156
0.0_135.0,0.0,135.0,2025,2026,0.24616619453083174,0.24271918607713733,0.7834989504447156
0.0_95.0,0.0,95.0,2025,2026,0.24616619453083174,0.24271918607713733,0.7834989504447156
0.0_96.0,0.0,96.0,2025,2026,0.24616619453083174,0.24271918607713733,0.7834989504447156
0.0_97.0,0.0,97.0,2025,2026,0.24616619453083174,0.24271918607713733,0.7834989504447156
0.0_98.0,0.0,98.0,2025,2026,0.5038214285714285,0.691504206531324,0.7834989504447156
0.0_99.0,0.0,99.0,2025,2026,0.24616619453083174,0.24271918607713733,0.7834989504447156
1.0_100.0,1.0,100.0,2025,2026,0.24616619453083174,0.24271918607713733,0.7834989504447156
1.0_101.0,1.0,101.0,2025,2026,0.24616619453083174,0.24271918607713733,0.7834989504447156
1.0_102.0,1.0,102.0,2025,2026,0.24616619453083174,0.24271918607713733,0.7834989504447156
1.0_103.0,1.0,103.0,2025,2026,0.24616619453083174,0.24271918607713733,0.7834989504447156
1.0_104.0,1.0,104.0,2025,2026,0.24616619453083174,0.24271918607713733,0.7834989504447156
1.0_105.0,1.0,105.0,2025,2026,0.24616619453083174,0.24271918607713733,0.7834989504447156
1.0_106.0,1.0,106.0,2025,2026,0.24616619453083174,0.24271918607713733,0.7834989504447156
1.0_107.0,1.0,107.0,2025,2026,0.24616619453083174,0.24271918607713733,0.7834989504447156
1.0_108.0,1.0,108.0,2025,2026,0.24616619453083174,0.24271918607713733,0.7834989504447156
1.0_109.0,1.0,109.0,2025,2026,0.24616619453083174,0.24271918607713733,0.7834989504447156
1.0_110.0,1.0,110.0,2025,2026,0.24616619453083174,0.24271918607713733,0.7834989504447156
1.0_111.0,1.0,111.0,2025,2026,0.24616619453083174,0.24271918607713733,0.7834989504447156
1.0_112.0,1.0,112.0,2025,2026,0.24616619453083174,0.24271918607713733,0.7834989504447156
1.0_113.0,1.0,113.0,2025,2026,0.24616619453083174,0.24271918607713733,0.7834989504447156
1.0_114.0,1.0,114.0,2025,2026,0.24616619453083174,0.24271918607713733,0.7834989504447156
1.0_115.0,1.0,115.0,2025,2026,0.24616619453083174,0.24271918607713733,0.7834989504447156
1.0_116.0,1.0,116.0,2025,2026,0.24616619453083174,0.24271918607713733,0.7834989504447156
1.0_117.0,1.0,117.0,2025,2026,0.24616619453083174,0.24271918607713733,0.7834989504447156
1.0_118.0,1.0,118.0,2025,2026,0.24616619453083174,0.24271918607713733,0.7834989504447156
1.0_119.0,1.0,119.0,2025,2026,0.24616619453083174,0.24271918607713733,0.7834989504447156
1.0_120.0,1.0,120.0,2025,2026,0.24616619453083174,0.24271918607713733,0.7834989504447156
1.0_121.0,1.0,121.0,2025,2026,0.70825,0.5440415378896757,0.7834989504447156
1.0_122.0,1.0,122.0,2025,2026,0.24616619453083174,0.24271918607713733,0.7834989504447156
1.0_123.0,1.0,123.0,2025,2026,0.7123452380952381,0.671594506372491,0.7834989504447156
1.0_124.0,1.0,124.0,2025,2026,0.24616619453083174,0.24271918607713733,0.7834989504447156
1.0_125.0,1.0,125.0,2025,2026,0.6,0.6812911499833075,0.7834989504447156
1.0_126.0,1.0,126.0,2025,2026,0.75,0.7281692991288098,0.7834989504447156
1.0_127.0,1.0,127.0,2025,2026,0.6,0.7359064579252181,0.7834989504447156
1.0_128.0,1.0,128.0,2025,2026,0.74,0.7048080723054603,0.7834989504447156
1.0_129.0,1.0,129.0,2025,2026,0.24616619453083174,0.24271918607713733,0.7834989504447156
1.0_130.0,1.0,130.0,2025,2026,0.24616619453083174,0.24271918607713733,0.7834989504447156
1.0_131.0,1.0,131.0,2025,2026,0.24616619453083174,0.24271918607713733,0.7834989504447156
1.0_132.0,1.0,132.0,2025,2026,0.24616619453083174,0.24271918607713733,0.7834989504447156
1.0_133.0,1.0,133.0,2025,2026,0.24616619453083174,0.24271918607713733,0.7834989504447156
1.0_134.0,1.0,134.0,2025,2026,0.24616619453083174,0.24271918607713733,0.7834989504447156
1.0_95.0,1.0,95.0,2025,2026,0.24616619453083174,0.24271918607713733,0.7834989504447156
1.0_96.0,1.0,96.0,2025,2026,0.24616619453083174,0.24271918607713733,0.7834989504447156
1.0_97.0,1.0,97.0,2025,2026,0.6030429292929295,0.6913676329402065,0.7834989504447156
1.0_98.0,1.0,98.0,2025,2026,0.87,0.698747046937965,0.7834989504447156
1.0_99.0,1.0,99.0,2025,2026,0.6070000000000001,0.5309591995296392,0.7834989504447156
2.0_100.0,2.0,100.0,2025,2026,0.24616619453083174,0.24271918607713733,0.7834989504447156
2.0_101.0,2.0,101.0,2025,2026,0.24616619453083174,0.24271918607713733,0.7834989504447156
2.0_102.0,2.0,102.0,2025,2026,0.24616619453083174,0.24271918607713733,0.7834989504447156
2.0_103.0,2.0,103.0,2025,2026,0.24616619453083174,0.24271918607713733,0.7834989504447156
2.0_104.0,2.0,104.0,2025,2026,0.24616619453083174,0.24271918607713733,0.7834989504447156
2.0_105.0,2.0,105.0,2025,2026,0.24616619453083174,0.24271918607713733,0.7834989504447156
2.0_107.0,2.0,107.0,2025,2026,0.24616619453083174,0.24271918607713733,0.7834989504447156
2.0_108.0,2.0,108.0,2025,2026,0.24616619453083174,0.24271918607713733,0.7834989504447156
2.0_109.0,2.0,109.0,2025,2026,0.24616619453083174,0.24271918607713733,0.7834989504447156
2.0_110.0,2.0,110.0,2025,2026,0.24616619453083174,0.24271918607713733,0.7834989504447156
2.0_111.0,2.0,111.0,2025,2026,0.24616619453083174,0.24271918607713733,0.7834989504447156
2.0_112.0,2.0,112.0,2025,2026,0.24616619453083174,0.24271918607713733,0.7834989504447156
2.0_113.0,2.0,113.0,2025,2026,0.24616619453083174,0.24271918607713733,0.7834989504447156
2.0_114.0,2.0,114.0,2025,2026,0.24616619453083174,0.24271918607713733,0.7834989504447156
2.0_115.0,2.0,115.0,2025,2026,0.24616619453083174,0.24271918607713733,0.7834989504447156
2.0_116.0,2.0,116.0,2025,2026,0.24616619453083174,0.24271918607713733,0.7834989504447156
2.0_117.0,2.0,117.0,2025,2026,0.24616619453083174,0.24271918607713733,0.7834989504447156
2.0_118.0,2.0,118.0,2025,2026,0.24616619453083174,0.24271918607713733,0.7834989504447156
2.0_119.0,2.0,119.0,2025,2026,0.24616619453083174,0.24271918607713733,0.7834989504447156
2.0_120.0,2.0,120.0,2025,2026,0.24616619453083174,0.24271918607713733,0.7834989504447156
2.0_121.0,2.0,121.0,2025,2026,0.24616619453083174,0.24271918607713733,0.7834989504447156
2.0_122.0,2.0,122.0,2025,2026,0.24616619453083174,0.24271918607713733,0.7834989504447156
2.0_123.0,2.0,123.0,2025,2026,0.24616619453083174,0.24271918607713733,0.7834989504447156
2.0_124.0,2.0,124.0,2025,2026,0.9,0.6955756717123426,0.7834989504447156
2.0_125.0,2.0,125.0,2025,2026,0.24616619453083174,0.24271918607713733,0.7834989504447156
2.0_126.0,2.0,126.0,2025,2026,0.935,0.7239272434474664,0.7834989504447156
2.0_127.0,2.0,127.0,2025,2026,0.86,0.7321987990597584,0.7834989504447156
2.0_128.0,2.0,128.0,2025,2026,0.865,0.5900497033296863,0.7834989504447156
2.0_129.0,2.0,129.0,2025,2026,0.24616619453083174,0.24271918607713733,0.7834989504447156
2.0_131.0,2.0,131.0,2025,2026,0.24616619453083174,0.24271918607713733,0.7834989504447156
2.0_132.0,2.0,132.0,2025,2026,0.24616619453083174,0.24271918607713733,0.7834989504447156
2.0_133.0,2.0,133.0,2025,2026,0.24616619453083174,0.24271918607713733,0.7834989504447156
2.0_136.0,2.0,136.0,2025,2026,0.24616619453083174,0.24271918607713733,0.7834989504447156
2.0_138.0,2.0,138.0,2025,2026,0.24616619453083174,0.24271918607713733,0.7834989504447156
2.0_95.0,2.0,95.0,2025,2026,0.82,0.6788401506497916,0.7834989504447156
2.0_96.0,2.0,96.0,2025,2026,0.24616619453083174,0.24271918607713733,0.7834989504447156
2.0_97.0,2.0,97.0,2025,2026,0.24616619453083174,0.24271918607713733,0.7834989504447156
2.0_98.0,2.0,98.0,2025,2026,0.24616619453083174,0.24271918607713733,0.7834989504447156
2.0_99.0,2.0,99.0,2025,2026,0.24616619453083174,0.24271918607713733,0.7834989504447156
3.0_100.0,3.0,100.0,2025,2026,0.24616619453083174,0.24271918607713733,0.7834989504447156
3.0_101.0,3.0,101.0,2025,2026,0.24616619453083174,0.24271918607713733,0.7834989504447156
3.0_102.0,3.0,102.0,2025,2026,0.24616619453083174,0.24271918607713733,0.7834989504447156
3.0_103.0,3.0,103.0,2025,2026,0.24616619453083174,0.24271918607713733,0.7834989504447156
3.0_104.0,3.0,104.0,2025,2026,0.24616619453083174,0.24271918607713733,0.7834989504447156
3.0_105.0,3.0,105.0,2025,2026,0.24616619453083174,0.24271918607713733,0.7834989504447156
3.0_106.0,3.0,106.0,2025,2026,0.24616619453083174,0.24271918607713733,0.7834989504447156
3.0_107.0,3.0,107.0,2025,2026,0.24616619453083174,0.24271918607713733,0.7834989504447156
3.0_108.0,3.0,108.0,2025,2026,0.24616619453083174,0.24271918607713733,0.7834989504447156
3.0_110.0,3.0,110.0,2025,2026,0.24616619453083174,0.24271918607713733,0.7834989504447156
3.0_111.0,3.0,111.0,2025,2026,0.24616619453083174,0.24271918607713733,0.7834989504447156
3.0_112.0,3.0,112.0,2025,2026,0.24616619453083174,0.24271918607713733,0.7834989504447156
3.0_113.0,3.0,113.0,2025,2026,0.24616619453083174,0.24271918607713733,0.7834989504447156
3.0_114.0,3.0,114.0,2025,2026,0.24616619453083174,0.24271918607713733,0.7834989504447156
3.0_115.0,3.0,115.0,2025,2026,0.24616619453083174,0.24271918607713733,0.7834989504447156
3.0_117.0,3.0,117.0,2025,2026,0.6879543650793647,0.6445691271341385,0.7834989504447156
3.0_118.0,3.0,118.0,2025,2026,0.24616619453083174,0.24271918607713733,0.7834989504447156
3.0_119.0,3.0,119.0,2025,2026,0.24616619453083174,0.24271918607713733,0.7834989504447156
3.0_120.0,3.0,120.0,2025,2026,0.24616619453083174,0.24271918607713733,0.7834989504447156
3.0_121.0,3.0,121.0,2025,2026,0.24616619453083174,0.24271918607713733,0.7834989504447156
3.0_122.0,3.0,122.0,2025,2026,0.51,0.696262908106315,0.7834989504447156
3.0_123.0,3.0,123.0,2025,2026,0.24616619453083174,0.24271918607713733,0.7834989504447156
3.0_124.0,3.0,124.0,2025,2026,0.745,0.7117093266727255,0.7834989504447156
3.0_125.0,3.0,125.0,2025,2026,0.24616619453083174,0.24271918607713733,0.7834989504447156
3.0_126.0,3.0,126.0,2025,2026,0.24616619453083174,0.24271918607713733,0.7834989504447156
3.0_127.0,3.0,127.0,2025,2026,0.16,0.7116211889569917,0.7834989504447156
3.0_128.0,3.0,128.0,2025,2026,0.5513392857142857,0.6823866049920304,0.7834989504447156
3.0_129.0,3.0,129.0,2025,2026,0.24616619453083174,0.24271918607713733,0.7834989504447156
3.0_131.0,3.0,131.0,2025,2026,0.24616619453083174,0.24271918607713733,0.7834989504447156
3.0_132.0,3.0,132.0,2025,2026,0.24616619453083174,0.24271918607713733,0.7834989504447156
3.0_137.0,3.0,137.0,2025,2026,0.24616619453083174,0.24271918607713733,0.7834989504447156
3.0_95.0,3.0,95.0,2025,2026,0.39,0.6737485939924949,0.7834989504447156
3.0_96.0,3.0,96.0,2025,2026,0.40399999999999997,0.5863850732365016,0.7834989504447156
3.0_97.0,3.0,97.0,2025,2026,0.5135,0.6139615103810379,0.7834989504447156
3.0_98.0,3.0,98.0,2025,2026,0.24616619453083174,0.24271918607713733,0.7834989504447156
3.0_99.0,3.0,99.0,2025,2026,0.24616619453083174,0.24271918607713733,0.7834989504447156
4.0_100.0,4.0,100.0,2025,2026,0.24616619453083174,0.24271918607713733,0.7834989504447156
4.0_101.0,4.0,101.0,2025,2026,0.24616619453083174,0.24271918607713733,0.7834989504447156
4.0_102.0,4.0,102.0,2025,2026,0.24616619453083174,0.24271918607713733,0.7834989504447156
4.0_103.0,4.0,103.0,2025,2026,0.24616619453083174,0.24271918607713733,0.7834989504447156
4.0_105.0,4.0,105.0,2025,2026,0.24616619453083174,0.24271918607713733,0.7834989504447156
4.0_106.0,4.0,106.0,2025,2026,0.24616619453083174,0.24271918607713733,0.7834989504447156
4.0_107.0,4.0,107.0,2025,2026,0.24616619453083174,0.24271918607713733,0.7834989504447156
4.0_109.0,4.0,109.0,2025,2026,0.24616619453083174,0.24271918607713733,0.7834989504447156
4.0_110.0,4.0,110.0,2025,2026,0.24616619453083174,0.24271918607713733,0.7834989504447156
4.0_111.0,4.0,111.0,2025,2026,0.24616619453083174,0.24271918607713733,0.7834989504447156
4.0_113.0,4.0,113.0,2025,2026,0.24616619453083174,0.24271918607713733,0.7834989504447156
4.0_114.0,4.0,114.0,2025,2026,0.24616619453083174,0.24271918607713733,0.7834989504447156
4.0_115.0,4.0,115.0,2025,2026,0.24616619453083174,0.24271918607713733,0.7834989504447156
4.0_117.0,4.0,117.0,2025,2026,0.24616619453083174,0.24271918607713733,0.7834989504447156
4.0_118.0,4.0,118.0,2025,2026,0.24616619453083174,0.24271918607713733,0.7834989504447156
4.0_119.0,4.0,119.0,2025,2026,0.24616619453083174,0.24271918607713733,0.7834989504447156
4.0_121.0,4.0,121.0,2025,2026,0.24616619453083174,0.24271918607713733,0.7834989504447156
4.0_122.0,4.0,122.0,2025,2026,0.24616619453083174,0.24271918607713733,0.7834989504447156
4.0_123.0,4.0,123.0,2025,2026,0.3693928571428571,0.6867111694322883,0.7834989504447156
4.0_124.0,4.0,124.0,2025,2026,0.21833333333333335,0.670007443528223,0.7834989504447156
4.0_125.0,4.0,125.0,2025,2026,0.63,0.6977045044978101,0.7834989504447156
4.0_126.0,4.0,126.0,2025,2026,0.78,0.6683040809518814,0.7834989504447156
4.0_127.0,4.0,127.0,2025,2026,0.83,0.7278151613925926,0.7834989504447156
4.0_128.0,4.0,128.0,2025,2026,0.7031468253968254,0.6892498119790018,0.7834989504447156
4.0_129.0,4.0,129.0,2025,2026,0.24616619453083174,0.24271918607713733,0.7834989504447156
4.0_130.0,4.0,130.0,2025,2026,0.24616619453083174,0.24271918607713733,0.7834989504447156
4.0_132.0,4.0,132.0,2025,2026,0.24616619453083174,0.24271918607713733,0.7834989504447156
4.0_134.0,4.0,134.0,2025,2026,0.24616619453083174,0.24271918607713733,0.7834989504447156
4.0_135.0,4.0,135.0,2025,2026,0.24616619453083174,0.24271918607713733,0.7834989504447156
4.0_137.0,4.0,137.0,2025,2026,0.24616619453083174,0.24271918607713733,0.7834989504447156
4.0_95.0,4.0,95.0,2025,2026,0.355,0.7062391180798204,0.7834989504447156
4.0_96.0,4.0,96.0,2025,2026,0.895,0.6902458251446798,0.7834989504447156
4.0_97.0,4.0,97.0,2025,2026,0.24616619453083174,0.24271918607713733,0.7834989504447156
4.0_98.0,4.0,98.0,2025,2026,0.24616619453083174,0.24271918607713733,0.7834989504447156
4.0_99.0,4.0,99.0,2025,2026,0.24616619453083174,0.24271918607713733,0.7834989504447156
5.0_100.0,5.0,100.0,2025,2026,0.24616619453083174,0.24271918607713733,0.7834989504447156
5.0_101.0,5.0,101.0,2025,2026,0.24616619453083174,0.24271918607713733,0.7834989504447156
5.0_102.0,5.0,102.0,2025,2026,0.24616619453083174,0.24271918607713733,0.7834989504447156
5.0_103.0,5.0,103.0,2025,2026,0.24616619453083174,0.24271918607713733,0.7834989504447156
5.0_104.0,5.0,104.0,2025,2026,0.24616619453083174,0.24271918607713733,0.7834989504447156
5.0_105.0,5.0,105.0,2025,2026,0.24616619453083174,0.24271918607713733,0.7834989504447156
5.0_106.0,5.0,106.0,2025,2026,0.24616619453083174,0.24271918607713733,0.7834989504447156
5.0_107.0,5.0,107.0,2025,2026,0.24616619453083174,0.24271918607713733,0.7834989504447156
5.0_108.0,5.0,108.0,2025,2026,0.24616619453083174,0.24271918607713733,0.7834989504447156
5.0_109.0,5.0,109.0,2025,2026,0.24616619453083174,0.24271918607713733,0.7834989504447156
5.0_110.0,5.0,110.0,2025,2026,0.24616619453083174,0.24271918607713733,0.7834989504447156
5.0_111.0,5.0,111.0,2025,2026,0.24616619453083174,0.24271918607713733,0.7834989504447156
5.0_113.0,5.0,113.0,2025,2026,0.24616619453083174,0.24271918607713733,0.7834989504447156
5.0_114.0,5.0,114.0,2025,2026,0.24616619453083174,0.24271918607713733,0.7834989504447156
5.0_115.0,5.0,115.0,2025,2026,0.24616619453083174,0.24271918607713733,0.7834989504447156
5.0_116.0,5.0,116.0,2025,2026,0.24616619453083174,0.24271918607713733,0.7834989504447156
5.0_117.0,5.0,117.0,2025,2026,0.24616619453083174,0.24271918607713733,0.7834989504447156
5.0_118.0,5.0,118.0,2025,2026,0.24616619453083174,0.24271918607713733,0.7834989504447156
5.0_119.0,5.0,119.0,2025,2026,0.24616619453083174,0.24271918607713733,0.7834989504447156
5.0_120.0,5.0,120.0,2025,2026,0.24616619453083174,0.24271918607713733,0.7834989504447156
5.0_121.0,5.0,121.0,2025,2026,0.24616619453083174,0.24271918607713733,0.7834989504447156
5.0_123.0,5.0,123.0,2025,2026,0.505,0.6924973399331731,0.7834989504447156
5.0_124.0,5.0,124.0,2025,2026,0.24616619453083174,0.24271918607713733,0.7834989504447156
5.0_125.0,5.0,125.0,2025,2026,0.55,0.720054635618264,0.7834989504447156
5.0_126.0,5.0,126.0,2025,2026,0.965,0.7211936418226925,0.7834989504447156
5.0_127.0,5.0,127.0,2025,2026,0.645,0.7240027148679384,0.7834989504447156
5.0_128.0,5.0,128.0,2025,2026,0.24616619453083174,0.24271918607713733,0.7834989504447156
5.0_129.0,5.0,129.0,2025,2026,0.24616619453083174,0.24271918607713733,0.7834989504447156
5.0_130.0,5.0,130.0,2025,2026,0.24616619453083174,0.24271918607713733,0.7834989504447156
5.0_131.0,5.0,131.0,2025,2026,0.24616619453083174,0.24271918607713733,0.7834989504447156
5.0_132.0,5.0,132.0,2025,2026,0.24616619453083174,0.24271918607713733,0.7834989504447156
5.0_133.0,5.0,133.0,2025,2026,0.24616619453083174,0.24271918607713733,0.7834989504447156
5.0_134.0,5.0,134.0,2025,2026,0.24616619453083174,0.24271918607713733,0.7834989504447156
5.0_95.0,5.0,95.0,2025,2026,0.885,0.7328620039678418,0.7834989504447156
5.0_96.0,5.0,96.0,2025,2026,0.24616619453083174,0.24271918607713733,0.7834989504447156
6.0_116.0,6.0,116.0,2025,2026,0.24616619453083174,0.24271918607713733,0.7834989504447156
6.0_126.0,6.0,126.0,2025,2026,0.24616619453083174,0.24271918607713733,0.7834989504447156
6.0_127.0,6.0,127.0,2025,2026,0.24616619453083174,0.24271918607713733,0.7834989504447156
